-- MySQL dump 10.13  Distrib 8.0.39, for Linux (x86_64)
--
-- Host: mysql    Database: fls
-- ------------------------------------------------------
-- Server version	9.0.1

/*!40101 SET @OLD_CHARACTER_SET_CLIENT=@@CHARACTER_SET_CLIENT */;
/*!40101 SET @OLD_CHARACTER_SET_RESULTS=@@CHARACTER_SET_RESULTS */;
/*!40101 SET @OLD_COLLATION_CONNECTION=@@COLLATION_CONNECTION */;
/*!50503 SET NAMES utf8mb4 */;
/*!40103 SET @OLD_TIME_ZONE=@@TIME_ZONE */;
/*!40103 SET TIME_ZONE='+00:00' */;
/*!40014 SET @OLD_UNIQUE_CHECKS=@@UNIQUE_CHECKS, UNIQUE_CHECKS=0 */;
/*!40014 SET @OLD_FOREIGN_KEY_CHECKS=@@FOREIGN_KEY_CHECKS, FOREIGN_KEY_CHECKS=0 */;
/*!40101 SET @OLD_SQL_MODE=@@SQL_MODE, SQL_MODE='NO_AUTO_VALUE_ON_ZERO' */;
/*!40111 SET @OLD_SQL_NOTES=@@SQL_NOTES, SQL_NOTES=0 */;

--
-- Table structure for table `activity_log`
--

DROP TABLE IF EXISTS `activity_log`;
/*!40101 SET @saved_cs_client     = @@character_set_client */;
/*!50503 SET character_set_client = utf8mb4 */;
CREATE TABLE `activity_log` (
  `id` bigint unsigned NOT NULL AUTO_INCREMENT,
  `log_name` varchar(255) COLLATE utf8mb4_unicode_ci DEFAULT NULL,
  `description` text COLLATE utf8mb4_unicode_ci NOT NULL,
  `subject_type` varchar(255) COLLATE utf8mb4_unicode_ci DEFAULT NULL,
  `event` varchar(255) COLLATE utf8mb4_unicode_ci DEFAULT NULL,
  `subject_id` bigint unsigned DEFAULT NULL,
  `causer_type` varchar(255) COLLATE utf8mb4_unicode_ci DEFAULT NULL,
  `causer_id` bigint unsigned DEFAULT NULL,
  `properties` json DEFAULT NULL,
  `batch_uuid` char(36) COLLATE utf8mb4_unicode_ci DEFAULT NULL,
  `created_at` timestamp NULL DEFAULT NULL,
  `updated_at` timestamp NULL DEFAULT NULL,
  PRIMARY KEY (`id`),
  KEY `subject` (`subject_type`,`subject_id`),
  KEY `causer` (`causer_type`,`causer_id`),
  KEY `activity_log_log_name_index` (`log_name`)
) ENGINE=InnoDB AUTO_INCREMENT=10 DEFAULT CHARSET=utf8mb4 COLLATE=utf8mb4_unicode_ci;
/*!40101 SET character_set_client = @saved_cs_client */;

--
-- Dumping data for table `activity_log`
--

LOCK TABLES `activity_log` WRITE;
/*!40000 ALTER TABLE `activity_log` DISABLE KEYS */;
INSERT INTO `activity_log` VALUES (1,'default','created','App\\Models\\Saleevent','created',5,'App\\Models\\User',1,'[]',NULL,'2024-11-12 11:58:30','2024-11-12 11:58:30'),(2,'default','created','App\\Models\\Saleevent','created',6,'App\\Models\\User',1,'{\"attributes\": {\"id\": 6, \"status\": \"2\", \"user_id\": 1, \"created_at\": \"2024-11-12T11:02:20.000000Z\", \"deleted_at\": null, \"event_type\": \"2\", \"sales_info\": \"teszt\", \"updated_at\": \"2024-11-12T11:02:20.000000Z\", \"customer_id\": 1, \"date_of_offer\": \"2024-11-12\", \"where_did_a_find_us\": null, \"expected_closing_date\": \"2024-11-16\", \"expected_sales_revenue\": 20000, \"failed_transaction_status\": null, \"what_are_you_interested_in\": null, \"description_of_failed_transaction\": null}}',NULL,'2024-11-12 12:02:20','2024-11-12 12:02:20'),(3,'default','updated','App\\Models\\Customer','updated',1,'App\\Models\\User',1,'{\"old\": {\"financial_risk_rate\": 0, \"justification_of_risk\": \"Minden alkalommal pontosan utal.\"}, \"attributes\": {\"financial_risk_rate\": 3, \"justification_of_risk\": \"csak és kész\"}}',NULL,'2024-11-12 13:04:10','2024-11-12 13:04:10'),(4,'default','updated','App\\Models\\Customer','updated',1,'App\\Models\\User',1,'{\"old\": {\"financial_risk_rate\": 3, \"justification_of_risk\": \"csak és kész\"}, \"attributes\": {\"financial_risk_rate\": 5, \"justification_of_risk\": \"teszt\"}}',NULL,'2024-11-12 13:31:36','2024-11-12 13:31:36'),(5,'default','updated','App\\Models\\Customer','updated',1,'App\\Models\\User',1,'{\"old\": {\"financial_risk_rate\": 5, \"justification_of_risk\": \"teszt\"}, \"attributes\": {\"financial_risk_rate\": 3, \"justification_of_risk\": \"Javult a fizetési morál.\"}}',NULL,'2024-11-12 15:01:44','2024-11-12 15:01:44'),(6,'default','updated','App\\Models\\Customer','updated',4,'App\\Models\\User',1,'{\"old\": {\"financial_risk_rate\": 3, \"justification_of_risk\": \"alshdjakhsflasl\"}, \"attributes\": {\"financial_risk_rate\": 9, \"justification_of_risk\": \"Teszt átállás magas kockázatra\"}}',NULL,'2024-11-12 15:52:19','2024-11-12 15:52:19'),(7,'default','updated','App\\Models\\Customer','updated',1,'App\\Models\\User',1,'{\"old\": {\"financial_risk_rate\": 3, \"justification_of_risk\": \"Javult a fizetési morál.\"}, \"attributes\": {\"financial_risk_rate\": 4, \"justification_of_risk\": \"teszt mai\"}}',NULL,'2024-11-18 14:26:19','2024-11-18 14:26:19'),(8,'default','created','App\\Models\\Customer','created',5,'App\\Models\\User',1,'{\"attributes\": {\"financial_risk_rate\": 0, \"justification_of_risk\": null}}',NULL,'2024-11-21 11:12:19','2024-11-21 11:12:19'),(9,'default','created','App\\Models\\Customer','created',6,'App\\Models\\User',1,'{\"attributes\": {\"financial_risk_rate\": 0, \"justification_of_risk\": null}}',NULL,'2024-11-21 11:15:53','2024-11-21 11:15:53');
/*!40000 ALTER TABLE `activity_log` ENABLE KEYS */;
UNLOCK TABLES;

--
-- Table structure for table `addresses`
--

DROP TABLE IF EXISTS `addresses`;
/*!40101 SET @saved_cs_client     = @@character_set_client */;
/*!50503 SET character_set_client = utf8mb4 */;
CREATE TABLE `addresses` (
  `id` bigint unsigned NOT NULL AUTO_INCREMENT,
  `customer_id` int NOT NULL,
  `addresstype_id` int unsigned NOT NULL,
  `country_code` varchar(3) COLLATE utf8mb4_unicode_ci NOT NULL,
  `zip_code` varchar(10) COLLATE utf8mb4_unicode_ci NOT NULL,
  `settlement` varchar(255) COLLATE utf8mb4_unicode_ci NOT NULL,
  `address` varchar(255) COLLATE utf8mb4_unicode_ci DEFAULT NULL,
  `area_type_id` int DEFAULT NULL COMMENT 'feltöltése area_types táblából',
  `address_number` varchar(255) COLLATE utf8mb4_unicode_ci DEFAULT NULL,
  `description` varchar(255) COLLATE utf8mb4_unicode_ci DEFAULT NULL COMMENT 'emelet, ajtó',
  `parcel_type` tinyint unsigned DEFAULT NULL COMMENT 'külterület vagy belterület',
  `parcel_number` varchar(255) COLLATE utf8mb4_unicode_ci DEFAULT NULL COMMENT 'helyrajzi szám',
  `latitude` varchar(255) COLLATE utf8mb4_unicode_ci DEFAULT NULL,
  `longitude` varchar(255) COLLATE utf8mb4_unicode_ci DEFAULT NULL,
  `po_box` varchar(255) COLLATE utf8mb4_unicode_ci DEFAULT NULL COMMENT 'postafiók',
  `created_at` timestamp NULL DEFAULT NULL,
  `updated_at` timestamp NULL DEFAULT NULL,
  `deleted_at` timestamp NULL DEFAULT NULL,
  PRIMARY KEY (`id`)
) ENGINE=InnoDB AUTO_INCREMENT=3 DEFAULT CHARSET=utf8mb4 COLLATE=utf8mb4_unicode_ci;
/*!40101 SET character_set_client = @saved_cs_client */;

--
-- Dumping data for table `addresses`
--

LOCK TABLES `addresses` WRITE;
/*!40000 ALTER TABLE `addresses` DISABLE KEYS */;
INSERT INTO `addresses` VALUES (2,1,1,'HUN','2000','Szentendre','Budapest',1,'105',NULL,1,NULL,NULL,NULL,NULL,'2024-12-16 14:23:55','2024-12-16 14:23:55',NULL);
/*!40000 ALTER TABLE `addresses` ENABLE KEYS */;
UNLOCK TABLES;

--
-- Table structure for table `addresstypes`
--

DROP TABLE IF EXISTS `addresstypes`;
/*!40101 SET @saved_cs_client     = @@character_set_client */;
/*!50503 SET character_set_client = utf8mb4 */;
CREATE TABLE `addresstypes` (
  `id` bigint unsigned NOT NULL AUTO_INCREMENT,
  `name` varchar(255) COLLATE utf8mb4_unicode_ci DEFAULT NULL,
  `created_at` timestamp NULL DEFAULT NULL,
  `updated_at` timestamp NULL DEFAULT NULL,
  PRIMARY KEY (`id`)
) ENGINE=InnoDB AUTO_INCREMENT=3 DEFAULT CHARSET=utf8mb4 COLLATE=utf8mb4_unicode_ci;
/*!40101 SET character_set_client = @saved_cs_client */;

--
-- Dumping data for table `addresstypes`
--

LOCK TABLES `addresstypes` WRITE;
/*!40000 ALTER TABLE `addresstypes` DISABLE KEYS */;
INSERT INTO `addresstypes` VALUES (1,'Székhely','2024-11-20 13:07:59','2024-11-20 13:07:59'),(2,'Telephely','2024-11-21 10:25:52','2024-11-21 10:25:52');
/*!40000 ALTER TABLE `addresstypes` ENABLE KEYS */;
UNLOCK TABLES;

--
-- Table structure for table `area_types`
--

DROP TABLE IF EXISTS `area_types`;
/*!40101 SET @saved_cs_client     = @@character_set_client */;
/*!50503 SET character_set_client = utf8mb4 */;
CREATE TABLE `area_types` (
  `id` int NOT NULL,
  `name` varchar(255) CHARACTER SET utf8mb4 COLLATE utf8mb4_general_ci NOT NULL
) ENGINE=MyISAM DEFAULT CHARSET=utf8mb3;
/*!40101 SET character_set_client = @saved_cs_client */;

--
-- Dumping data for table `area_types`
--

LOCK TABLES `area_types` WRITE;
/*!40000 ALTER TABLE `area_types` DISABLE KEYS */;
INSERT INTO `area_types` VALUES (1,'akna'),(2,'akna-alsó'),(3,'akna-felső'),(4,'alagút'),(5,'alsórakpart'),(6,'arborétum'),(7,'autóút'),(8,'barakképület'),(9,'barlang'),(10,'bejáró'),(11,'bekötőút'),(12,'bánya'),(13,'bányatelep'),(14,'bástya'),(15,'bástyája'),(16,'csárda'),(17,'csónakházak'),(18,'domb'),(19,'dűlő'),(20,'dűlők'),(21,'dűlősor'),(22,'dűlőterület'),(23,'dűlőút'),(24,'egyetemváros'),(25,'egyéb'),(26,'elágazás'),(27,'emlékút'),(28,'erdészház'),(29,'erdészlak'),(30,'erdő'),(31,'erdősor'),(32,'fasor'),(33,'fasora'),(34,'felső'),(35,'forduló'),(36,'főmérnökség'),(37,'főtér'),(38,'főút'),(39,'föld'),(40,'gyár'),(41,'gyártelep'),(42,'gyárváros'),(43,'gyümölcsös'),(44,'gát'),(45,'gátsor'),(46,'gátőrház'),(47,'határsor'),(48,'határút'),(49,'hegy'),(50,'hegyhát'),(51,'hegyhát dűlő'),(52,'hegyhát'),(53,'köz'),(54,'hrsz'),(55,'hrsz.'),(56,'ház'),(57,'hídfő'),(58,'iskola'),(59,'játszótér'),(60,'kapu'),(61,'kastély'),(62,'kert'),(63,'kertsor'),(64,'kerület'),(65,'kilátó'),(66,'kioszk'),(67,'kocsiszín'),(68,'kolónia'),(69,'korzó'),(70,'kultúrpark'),(71,'kunyhó'),(72,'kör'),(73,'körtér'),(74,'körvasútsor'),(75,'körzet'),(76,'körönd'),(77,'körút'),(78,'köz'),(79,'kút'),(80,'kültelek'),(81,'lakóház'),(82,'lakókert'),(83,'lakónegyed'),(84,'lakópark'),(85,'lakótelep'),(86,'lejtő'),(87,'lejáró'),(88,'liget'),(89,'lépcső'),(90,'major'),(91,'malom'),(92,'menedékház'),(93,'munkásszálló'),(94,'mélyút'),(95,'műút'),(96,'oldal'),(97,'orom'),(98,'park'),(99,'parkja'),(100,'parkoló'),(101,'part'),(102,'pavilon'),(103,'piac'),(104,'pihenő'),(105,'pince'),(106,'pincesor'),(107,'postafiók'),(108,'puszta'),(109,'pálya'),(110,'pályaudvar'),(111,'rakpart'),(112,'repülőtér'),(113,'rész'),(114,'rét'),(115,'sarok'),(116,'sor'),(117,'sora'),(118,'sportpálya'),(119,'sporttelep'),(120,'stadion'),(121,'strandfürdő'),(122,'sugárút'),(123,'szer'),(124,'sziget'),(125,'szivattyútelep'),(126,'szállás'),(127,'szállások'),(128,'szél'),(129,'szőlő'),(130,'szőlőhegy'),(131,'szőlők'),(132,'sánc'),(133,'sávház'),(134,'sétány'),(135,'tag'),(136,'tanya'),(137,'tanyák'),(138,'telep'),(139,'temető'),(140,'tere'),(141,'tető'),(142,'turistaház'),(143,'téli kikötő'),(144,'tér'),(145,'tömb'),(146,'udvar'),(147,'utak'),(148,'utca'),(149,'utcája'),(150,'vadaskert'),(151,'vadászház'),(152,'vasúti megálló'),(153,'vasúti őrház'),(154,'vasútsor'),(155,'vasútállomás'),(156,'vezetőút'),(157,'villasor'),(158,'vágóhíd'),(159,'vár'),(160,'várköz'),(161,'város'),(162,'vízmű'),(163,'völgy'),(164,'zsilip'),(165,'zug'),(166,'állat és növ.kert'),(167,'állomás'),(168,'árnyék'),(169,'árok'),(170,'átjáró'),(171,'őrház'),(172,'őrházak'),(173,'őrházlak'),(174,'út'),(175,'útja'),(176,'útőrház'),(177,'üdülő'),(178,'üdülő-part'),(179,'üdülő-sor'),(180,'üdülő-telep');
/*!40000 ALTER TABLE `area_types` ENABLE KEYS */;
UNLOCK TABLES;

--
-- Table structure for table `brands`
--

DROP TABLE IF EXISTS `brands`;
/*!40101 SET @saved_cs_client     = @@character_set_client */;
/*!50503 SET character_set_client = utf8mb4 */;
CREATE TABLE `brands` (
  `id` bigint unsigned NOT NULL AUTO_INCREMENT,
  `supplier_id` varchar(255) COLLATE utf8mb4_unicode_ci NOT NULL COMMENT 'beszállító',
  `name` varchar(255) COLLATE utf8mb4_unicode_ci NOT NULL COMMENT 'márka',
  `created_at` timestamp NULL DEFAULT NULL,
  `updated_at` timestamp NULL DEFAULT NULL,
  `deleted_at` timestamp NULL DEFAULT NULL,
  PRIMARY KEY (`id`)
) ENGINE=InnoDB AUTO_INCREMENT=21 DEFAULT CHARSET=utf8mb4 COLLATE=utf8mb4_unicode_ci;
/*!40101 SET character_set_client = @saved_cs_client */;

--
-- Dumping data for table `brands`
--

LOCK TABLES `brands` WRITE;
/*!40000 ALTER TABLE `brands` DISABLE KEYS */;
INSERT INTO `brands` VALUES (1,'2','AXA','2024-11-25 00:00:00','2024-12-18 07:53:55',NULL),(2,'1','Unicredit','2024-11-25 00:00:00','2024-11-25 00:00:00',NULL),(3,'1','MBH','2024-11-25 00:00:00','2024-12-17 14:19:45',NULL),(4,'2','Raiffeisen','2024-11-26 10:41:15','2024-12-17 12:50:40',NULL),(5,'1','K&H Bank','2024-12-16 16:44:43','2024-12-16 16:44:43',NULL),(20,'1','Saxo Bank','2024-12-17 15:30:09','2024-12-18 07:54:31',NULL);
/*!40000 ALTER TABLE `brands` ENABLE KEYS */;
UNLOCK TABLES;

--
-- Table structure for table `cache`
--

DROP TABLE IF EXISTS `cache`;
/*!40101 SET @saved_cs_client     = @@character_set_client */;
/*!50503 SET character_set_client = utf8mb4 */;
CREATE TABLE `cache` (
  `key` varchar(255) COLLATE utf8mb4_unicode_ci NOT NULL,
  `value` mediumtext COLLATE utf8mb4_unicode_ci NOT NULL,
  `expiration` int NOT NULL,
  PRIMARY KEY (`key`)
) ENGINE=InnoDB DEFAULT CHARSET=utf8mb4 COLLATE=utf8mb4_unicode_ci;
/*!40101 SET character_set_client = @saved_cs_client */;

--
-- Dumping data for table `cache`
--

LOCK TABLES `cache` WRITE;
/*!40000 ALTER TABLE `cache` DISABLE KEYS */;
INSERT INTO `cache` VALUES ('287b58015ec6ed41cc45119562d7402bb1069aed','i:1;',1736939268),('287b58015ec6ed41cc45119562d7402bb1069aed:timer','i:1736939268;',1736939268),('spatie.permission.cache','a:3:{s:5:\"alias\";a:4:{s:1:\"a\";s:2:\"id\";s:1:\"b\";s:4:\"name\";s:1:\"c\";s:10:\"guard_name\";s:1:\"r\";s:5:\"roles\";}s:11:\"permissions\";a:67:{i:0;a:4:{s:1:\"a\";i:1;s:1:\"b\";s:13:\"view_customer\";s:1:\"c\";s:3:\"web\";s:1:\"r\";a:3:{i:0;i:1;i:1;i:2;i:2;i:3;}}i:1;a:4:{s:1:\"a\";i:2;s:1:\"b\";s:17:\"view_any_customer\";s:1:\"c\";s:3:\"web\";s:1:\"r\";a:3:{i:0;i:1;i:1;i:2;i:2;i:3;}}i:2;a:4:{s:1:\"a\";i:3;s:1:\"b\";s:15:\"create_customer\";s:1:\"c\";s:3:\"web\";s:1:\"r\";a:3:{i:0;i:1;i:1;i:2;i:2;i:3;}}i:3;a:4:{s:1:\"a\";i:4;s:1:\"b\";s:15:\"update_customer\";s:1:\"c\";s:3:\"web\";s:1:\"r\";a:3:{i:0;i:1;i:1;i:2;i:2;i:3;}}i:4;a:4:{s:1:\"a\";i:5;s:1:\"b\";s:16:\"restore_customer\";s:1:\"c\";s:3:\"web\";s:1:\"r\";a:2:{i:0;i:1;i:1;i:2;}}i:5;a:4:{s:1:\"a\";i:6;s:1:\"b\";s:20:\"restore_any_customer\";s:1:\"c\";s:3:\"web\";s:1:\"r\";a:2:{i:0;i:1;i:1;i:2;}}i:6;a:4:{s:1:\"a\";i:7;s:1:\"b\";s:18:\"replicate_customer\";s:1:\"c\";s:3:\"web\";s:1:\"r\";a:3:{i:0;i:1;i:1;i:2;i:2;i:3;}}i:7;a:4:{s:1:\"a\";i:8;s:1:\"b\";s:16:\"reorder_customer\";s:1:\"c\";s:3:\"web\";s:1:\"r\";a:3:{i:0;i:1;i:1;i:2;i:2;i:3;}}i:8;a:4:{s:1:\"a\";i:9;s:1:\"b\";s:15:\"delete_customer\";s:1:\"c\";s:3:\"web\";s:1:\"r\";a:2:{i:0;i:1;i:1;i:2;}}i:9;a:4:{s:1:\"a\";i:10;s:1:\"b\";s:19:\"delete_any_customer\";s:1:\"c\";s:3:\"web\";s:1:\"r\";a:2:{i:0;i:1;i:1;i:2;}}i:10;a:4:{s:1:\"a\";i:11;s:1:\"b\";s:21:\"force_delete_customer\";s:1:\"c\";s:3:\"web\";s:1:\"r\";a:2:{i:0;i:1;i:1;i:2;}}i:11;a:4:{s:1:\"a\";i:12;s:1:\"b\";s:25:\"force_delete_any_customer\";s:1:\"c\";s:3:\"web\";s:1:\"r\";a:2:{i:0;i:1;i:1;i:2;}}i:12;a:4:{s:1:\"a\";i:13;s:1:\"b\";s:17:\"view_industrytype\";s:1:\"c\";s:3:\"web\";s:1:\"r\";a:3:{i:0;i:1;i:1;i:2;i:2;i:3;}}i:13;a:4:{s:1:\"a\";i:14;s:1:\"b\";s:21:\"view_any_industrytype\";s:1:\"c\";s:3:\"web\";s:1:\"r\";a:3:{i:0;i:1;i:1;i:2;i:2;i:3;}}i:14;a:4:{s:1:\"a\";i:15;s:1:\"b\";s:19:\"create_industrytype\";s:1:\"c\";s:3:\"web\";s:1:\"r\";a:3:{i:0;i:1;i:1;i:2;i:2;i:3;}}i:15;a:4:{s:1:\"a\";i:16;s:1:\"b\";s:19:\"update_industrytype\";s:1:\"c\";s:3:\"web\";s:1:\"r\";a:3:{i:0;i:1;i:1;i:2;i:2;i:3;}}i:16;a:4:{s:1:\"a\";i:17;s:1:\"b\";s:20:\"restore_industrytype\";s:1:\"c\";s:3:\"web\";s:1:\"r\";a:2:{i:0;i:1;i:1;i:2;}}i:17;a:4:{s:1:\"a\";i:18;s:1:\"b\";s:24:\"restore_any_industrytype\";s:1:\"c\";s:3:\"web\";s:1:\"r\";a:2:{i:0;i:1;i:1;i:2;}}i:18;a:4:{s:1:\"a\";i:19;s:1:\"b\";s:22:\"replicate_industrytype\";s:1:\"c\";s:3:\"web\";s:1:\"r\";a:3:{i:0;i:1;i:1;i:2;i:2;i:3;}}i:19;a:4:{s:1:\"a\";i:20;s:1:\"b\";s:20:\"reorder_industrytype\";s:1:\"c\";s:3:\"web\";s:1:\"r\";a:3:{i:0;i:1;i:1;i:2;i:2;i:3;}}i:20;a:4:{s:1:\"a\";i:21;s:1:\"b\";s:19:\"delete_industrytype\";s:1:\"c\";s:3:\"web\";s:1:\"r\";a:2:{i:0;i:1;i:1;i:2;}}i:21;a:4:{s:1:\"a\";i:22;s:1:\"b\";s:23:\"delete_any_industrytype\";s:1:\"c\";s:3:\"web\";s:1:\"r\";a:2:{i:0;i:1;i:1;i:2;}}i:22;a:4:{s:1:\"a\";i:23;s:1:\"b\";s:25:\"force_delete_industrytype\";s:1:\"c\";s:3:\"web\";s:1:\"r\";a:2:{i:0;i:1;i:1;i:2;}}i:23;a:4:{s:1:\"a\";i:24;s:1:\"b\";s:29:\"force_delete_any_industrytype\";s:1:\"c\";s:3:\"web\";s:1:\"r\";a:2:{i:0;i:1;i:1;i:2;}}i:24;a:4:{s:1:\"a\";i:25;s:1:\"b\";s:9:\"view_sale\";s:1:\"c\";s:3:\"web\";s:1:\"r\";a:3:{i:0;i:1;i:1;i:2;i:2;i:3;}}i:25;a:4:{s:1:\"a\";i:26;s:1:\"b\";s:13:\"view_any_sale\";s:1:\"c\";s:3:\"web\";s:1:\"r\";a:3:{i:0;i:1;i:1;i:2;i:2;i:3;}}i:26;a:4:{s:1:\"a\";i:27;s:1:\"b\";s:11:\"create_sale\";s:1:\"c\";s:3:\"web\";s:1:\"r\";a:3:{i:0;i:1;i:1;i:2;i:2;i:3;}}i:27;a:4:{s:1:\"a\";i:28;s:1:\"b\";s:11:\"update_sale\";s:1:\"c\";s:3:\"web\";s:1:\"r\";a:3:{i:0;i:1;i:1;i:2;i:2;i:3;}}i:28;a:4:{s:1:\"a\";i:29;s:1:\"b\";s:12:\"restore_sale\";s:1:\"c\";s:3:\"web\";s:1:\"r\";a:2:{i:0;i:1;i:1;i:2;}}i:29;a:4:{s:1:\"a\";i:30;s:1:\"b\";s:16:\"restore_any_sale\";s:1:\"c\";s:3:\"web\";s:1:\"r\";a:2:{i:0;i:1;i:1;i:2;}}i:30;a:4:{s:1:\"a\";i:31;s:1:\"b\";s:14:\"replicate_sale\";s:1:\"c\";s:3:\"web\";s:1:\"r\";a:3:{i:0;i:1;i:1;i:2;i:2;i:3;}}i:31;a:4:{s:1:\"a\";i:32;s:1:\"b\";s:12:\"reorder_sale\";s:1:\"c\";s:3:\"web\";s:1:\"r\";a:3:{i:0;i:1;i:1;i:2;i:2;i:3;}}i:32;a:4:{s:1:\"a\";i:33;s:1:\"b\";s:11:\"delete_sale\";s:1:\"c\";s:3:\"web\";s:1:\"r\";a:2:{i:0;i:1;i:1;i:2;}}i:33;a:4:{s:1:\"a\";i:34;s:1:\"b\";s:15:\"delete_any_sale\";s:1:\"c\";s:3:\"web\";s:1:\"r\";a:2:{i:0;i:1;i:1;i:2;}}i:34;a:4:{s:1:\"a\";i:35;s:1:\"b\";s:17:\"force_delete_sale\";s:1:\"c\";s:3:\"web\";s:1:\"r\";a:2:{i:0;i:1;i:1;i:2;}}i:35;a:4:{s:1:\"a\";i:36;s:1:\"b\";s:21:\"force_delete_any_sale\";s:1:\"c\";s:3:\"web\";s:1:\"r\";a:2:{i:0;i:1;i:1;i:2;}}i:36;a:4:{s:1:\"a\";i:37;s:1:\"b\";s:15:\"view_settlement\";s:1:\"c\";s:3:\"web\";s:1:\"r\";a:3:{i:0;i:1;i:1;i:2;i:2;i:3;}}i:37;a:4:{s:1:\"a\";i:38;s:1:\"b\";s:19:\"view_any_settlement\";s:1:\"c\";s:3:\"web\";s:1:\"r\";a:3:{i:0;i:1;i:1;i:2;i:2;i:3;}}i:38;a:4:{s:1:\"a\";i:39;s:1:\"b\";s:17:\"create_settlement\";s:1:\"c\";s:3:\"web\";s:1:\"r\";a:3:{i:0;i:1;i:1;i:2;i:2;i:3;}}i:39;a:4:{s:1:\"a\";i:40;s:1:\"b\";s:17:\"update_settlement\";s:1:\"c\";s:3:\"web\";s:1:\"r\";a:3:{i:0;i:1;i:1;i:2;i:2;i:3;}}i:40;a:4:{s:1:\"a\";i:41;s:1:\"b\";s:18:\"restore_settlement\";s:1:\"c\";s:3:\"web\";s:1:\"r\";a:2:{i:0;i:1;i:1;i:2;}}i:41;a:4:{s:1:\"a\";i:42;s:1:\"b\";s:22:\"restore_any_settlement\";s:1:\"c\";s:3:\"web\";s:1:\"r\";a:2:{i:0;i:1;i:1;i:2;}}i:42;a:4:{s:1:\"a\";i:43;s:1:\"b\";s:20:\"replicate_settlement\";s:1:\"c\";s:3:\"web\";s:1:\"r\";a:3:{i:0;i:1;i:1;i:2;i:2;i:3;}}i:43;a:4:{s:1:\"a\";i:44;s:1:\"b\";s:18:\"reorder_settlement\";s:1:\"c\";s:3:\"web\";s:1:\"r\";a:3:{i:0;i:1;i:1;i:2;i:2;i:3;}}i:44;a:4:{s:1:\"a\";i:45;s:1:\"b\";s:17:\"delete_settlement\";s:1:\"c\";s:3:\"web\";s:1:\"r\";a:2:{i:0;i:1;i:1;i:2;}}i:45;a:4:{s:1:\"a\";i:46;s:1:\"b\";s:21:\"delete_any_settlement\";s:1:\"c\";s:3:\"web\";s:1:\"r\";a:2:{i:0;i:1;i:1;i:2;}}i:46;a:4:{s:1:\"a\";i:47;s:1:\"b\";s:23:\"force_delete_settlement\";s:1:\"c\";s:3:\"web\";s:1:\"r\";a:2:{i:0;i:1;i:1;i:2;}}i:47;a:4:{s:1:\"a\";i:48;s:1:\"b\";s:27:\"force_delete_any_settlement\";s:1:\"c\";s:3:\"web\";s:1:\"r\";a:2:{i:0;i:1;i:1;i:2;}}i:48;a:4:{s:1:\"a\";i:49;s:1:\"b\";s:17:\"view_shield::role\";s:1:\"c\";s:3:\"web\";s:1:\"r\";a:1:{i:0;i:1;}}i:49;a:4:{s:1:\"a\";i:50;s:1:\"b\";s:21:\"view_any_shield::role\";s:1:\"c\";s:3:\"web\";s:1:\"r\";a:1:{i:0;i:1;}}i:50;a:4:{s:1:\"a\";i:51;s:1:\"b\";s:19:\"create_shield::role\";s:1:\"c\";s:3:\"web\";s:1:\"r\";a:1:{i:0;i:1;}}i:51;a:4:{s:1:\"a\";i:52;s:1:\"b\";s:19:\"update_shield::role\";s:1:\"c\";s:3:\"web\";s:1:\"r\";a:1:{i:0;i:1;}}i:52;a:4:{s:1:\"a\";i:53;s:1:\"b\";s:19:\"delete_shield::role\";s:1:\"c\";s:3:\"web\";s:1:\"r\";a:1:{i:0;i:1;}}i:53;a:4:{s:1:\"a\";i:54;s:1:\"b\";s:23:\"delete_any_shield::role\";s:1:\"c\";s:3:\"web\";s:1:\"r\";a:1:{i:0;i:1;}}i:54;a:4:{s:1:\"a\";i:55;s:1:\"b\";s:9:\"view_user\";s:1:\"c\";s:3:\"web\";s:1:\"r\";a:2:{i:0;i:1;i:1;i:2;}}i:55;a:4:{s:1:\"a\";i:56;s:1:\"b\";s:13:\"view_any_user\";s:1:\"c\";s:3:\"web\";s:1:\"r\";a:2:{i:0;i:1;i:1;i:2;}}i:56;a:4:{s:1:\"a\";i:57;s:1:\"b\";s:11:\"create_user\";s:1:\"c\";s:3:\"web\";s:1:\"r\";a:2:{i:0;i:1;i:1;i:2;}}i:57;a:4:{s:1:\"a\";i:58;s:1:\"b\";s:11:\"update_user\";s:1:\"c\";s:3:\"web\";s:1:\"r\";a:2:{i:0;i:1;i:1;i:2;}}i:58;a:4:{s:1:\"a\";i:59;s:1:\"b\";s:12:\"restore_user\";s:1:\"c\";s:3:\"web\";s:1:\"r\";a:2:{i:0;i:1;i:1;i:2;}}i:59;a:4:{s:1:\"a\";i:60;s:1:\"b\";s:16:\"restore_any_user\";s:1:\"c\";s:3:\"web\";s:1:\"r\";a:2:{i:0;i:1;i:1;i:2;}}i:60;a:4:{s:1:\"a\";i:61;s:1:\"b\";s:14:\"replicate_user\";s:1:\"c\";s:3:\"web\";s:1:\"r\";a:2:{i:0;i:1;i:1;i:2;}}i:61;a:4:{s:1:\"a\";i:62;s:1:\"b\";s:12:\"reorder_user\";s:1:\"c\";s:3:\"web\";s:1:\"r\";a:2:{i:0;i:1;i:1;i:2;}}i:62;a:4:{s:1:\"a\";i:63;s:1:\"b\";s:11:\"delete_user\";s:1:\"c\";s:3:\"web\";s:1:\"r\";a:2:{i:0;i:1;i:1;i:2;}}i:63;a:4:{s:1:\"a\";i:64;s:1:\"b\";s:15:\"delete_any_user\";s:1:\"c\";s:3:\"web\";s:1:\"r\";a:2:{i:0;i:1;i:1;i:2;}}i:64;a:4:{s:1:\"a\";i:65;s:1:\"b\";s:17:\"force_delete_user\";s:1:\"c\";s:3:\"web\";s:1:\"r\";a:2:{i:0;i:1;i:1;i:2;}}i:65;a:4:{s:1:\"a\";i:66;s:1:\"b\";s:21:\"force_delete_any_user\";s:1:\"c\";s:3:\"web\";s:1:\"r\";a:2:{i:0;i:1;i:1;i:2;}}i:66;a:4:{s:1:\"a\";i:67;s:1:\"b\";s:13:\"page_Settings\";s:1:\"c\";s:3:\"web\";s:1:\"r\";a:2:{i:0;i:1;i:1;i:2;}}}s:5:\"roles\";a:3:{i:0;a:3:{s:1:\"a\";i:1;s:1:\"b\";s:11:\"super_admin\";s:1:\"c\";s:3:\"web\";}i:1;a:3:{s:1:\"a\";i:2;s:1:\"b\";s:5:\"admin\";s:1:\"c\";s:3:\"web\";}i:2;a:3:{s:1:\"a\";i:3;s:1:\"b\";s:8:\"salesman\";s:1:\"c\";s:3:\"web\";}}}',1737025607);
/*!40000 ALTER TABLE `cache` ENABLE KEYS */;
UNLOCK TABLES;

--
-- Table structure for table `cache_locks`
--

DROP TABLE IF EXISTS `cache_locks`;
/*!40101 SET @saved_cs_client     = @@character_set_client */;
/*!50503 SET character_set_client = utf8mb4 */;
CREATE TABLE `cache_locks` (
  `key` varchar(255) COLLATE utf8mb4_unicode_ci NOT NULL,
  `owner` varchar(255) COLLATE utf8mb4_unicode_ci NOT NULL,
  `expiration` int NOT NULL,
  PRIMARY KEY (`key`)
) ENGINE=InnoDB DEFAULT CHARSET=utf8mb4 COLLATE=utf8mb4_unicode_ci;
/*!40101 SET character_set_client = @saved_cs_client */;

--
-- Dumping data for table `cache_locks`
--

LOCK TABLES `cache_locks` WRITE;
/*!40000 ALTER TABLE `cache_locks` DISABLE KEYS */;
/*!40000 ALTER TABLE `cache_locks` ENABLE KEYS */;
UNLOCK TABLES;

--
-- Table structure for table `contacts`
--

DROP TABLE IF EXISTS `contacts`;
/*!40101 SET @saved_cs_client     = @@character_set_client */;
/*!50503 SET character_set_client = utf8mb4 */;
CREATE TABLE `contacts` (
  `id` bigint unsigned NOT NULL AUTO_INCREMENT,
  `customer_id` int NOT NULL,
  `type` tinyint(1) DEFAULT '0',
  `financial_relationship` tinyint(1) DEFAULT NULL,
  `firstname` varchar(255) COLLATE utf8mb4_unicode_ci DEFAULT NULL COMMENT 'keresztnév',
  `second_firstname` varchar(255) COLLATE utf8mb4_unicode_ci DEFAULT NULL COMMENT 'második keresztnév',
  `lastname` varchar(255) COLLATE utf8mb4_unicode_ci DEFAULT NULL COMMENT 'vezetéknév',
  `title` varchar(255) COLLATE utf8mb4_unicode_ci DEFAULT NULL COMMENT 'titulusa',
  `department_name` varchar(255) COLLATE utf8mb4_unicode_ci DEFAULT NULL COMMENT 'részleg, osztály, központ',
  `email` varchar(255) COLLATE utf8mb4_unicode_ci DEFAULT NULL,
  `phone` varchar(255) COLLATE utf8mb4_unicode_ci DEFAULT NULL,
  `created_at` timestamp NULL DEFAULT NULL,
  `updated_at` timestamp NULL DEFAULT NULL,
  `deleted_at` timestamp NULL DEFAULT NULL,
  PRIMARY KEY (`id`)
) ENGINE=InnoDB AUTO_INCREMENT=3 DEFAULT CHARSET=utf8mb4 COLLATE=utf8mb4_unicode_ci;
/*!40101 SET character_set_client = @saved_cs_client */;

--
-- Dumping data for table `contacts`
--

LOCK TABLES `contacts` WRITE;
/*!40000 ALTER TABLE `contacts` DISABLE KEYS */;
/*!40000 ALTER TABLE `contacts` ENABLE KEYS */;
UNLOCK TABLES;

--
-- Table structure for table `countries`
--

DROP TABLE IF EXISTS `countries`;
/*!40101 SET @saved_cs_client     = @@character_set_client */;
/*!50503 SET character_set_client = utf8mb4 */;
CREATE TABLE `countries` (
  `id` bigint unsigned NOT NULL AUTO_INCREMENT,
  `iso_code` varchar(3) CHARACTER SET utf8mb4 COLLATE utf8mb4_general_ci NOT NULL COMMENT 'iso kód',
  `name` varchar(255) CHARACTER SET utf8mb4 COLLATE utf8mb4_general_ci NOT NULL COMMENT 'ország név',
  PRIMARY KEY (`id`)
) ENGINE=MyISAM AUTO_INCREMENT=250 DEFAULT CHARSET=utf8mb3;
/*!40101 SET character_set_client = @saved_cs_client */;

--
-- Dumping data for table `countries`
--

LOCK TABLES `countries` WRITE;
/*!40000 ALTER TABLE `countries` DISABLE KEYS */;
INSERT INTO `countries` VALUES (1,'AFG','Afghanistan'),(2,'ALA','Aland Islands'),(3,'ALB','Albania'),(4,'DZA','Algeria'),(5,'ASM','American Samoa'),(6,'AND','Andorra'),(7,'AGO','Angola'),(8,'AIA','Anguilla'),(9,'ATA','Antarctica'),(10,'ATG','Antigua and Barbuda'),(11,'ARG','Argentina'),(12,'ARM','Armenia'),(13,'ABW','Aruba'),(14,'AUS','Australia'),(15,'AUT','Austria'),(16,'AZE','Azerbaijan'),(17,'BHS','Bahamas'),(18,'BHR','Bahrain'),(19,'BGD','Bangladesh'),(20,'BRB','Barbados'),(21,'BLR','Belarus'),(22,'BEL','Belgium'),(23,'BLZ','Belize'),(24,'BEN','Benin'),(25,'BMU','Bermuda'),(26,'BTN','Bhutan'),(27,'BOL','Bolivia (Plurinational State of)'),(28,'BES','Bonaire, Sint Eustatius and Saba'),(29,'BIH','Bosnia and Herzegovina'),(30,'BWA','Botswana'),(31,'BVT','Bouvet Island'),(32,'BRA','Brazil'),(33,'IOT','British Indian Ocean Territory'),(34,'BRN','Brunei Darussalam'),(35,'BGR','Bulgaria'),(36,'BFA','Burkina Faso'),(37,'BDI','Burundi'),(38,'CPV','Cabo Verde'),(39,'KHM','Cambodia'),(40,'CMR','Cameroon'),(41,'CAN','Canada'),(42,'CYM','Cayman Islands'),(43,'CAF','Central African Republic'),(44,'TCD','Chad'),(45,'CHL','Chile'),(46,'CHN','China'),(47,'CXR','Christmas Island'),(48,'CCK','Cocos (Keeling) Islands'),(49,'COL','Colombia'),(50,'COM','Comoros'),(51,'COG','Congo'),(52,'COD','Congo, Democratic Republic of the'),(53,'COK','Cook Islands'),(54,'CRI','Costa Rica'),(55,'CIV','Côte d\'Ivoire'),(56,'HRV','Croatia'),(57,'CUB','Cuba'),(58,'CUW','Curaçao'),(59,'CYP','Cyprus'),(60,'CZE','Czechia'),(61,'DNK','Denmark'),(62,'DJI','Djibouti'),(63,'DMA','Dominica'),(64,'DOM','Dominican Republic'),(65,'ECU','Ecuador'),(66,'EGY','Egypt'),(67,'SLV','El Salvador'),(68,'GNQ','Equatorial Guinea'),(69,'ERI','Eritrea'),(70,'EST','Estonia'),(71,'SWZ','Eswatini'),(72,'ETH','Ethiopia'),(73,'FLK','Falkland Islands (Malvinas)'),(74,'FRO','Faroe Islands'),(75,'FJI','Fiji'),(76,'FIN','Finland'),(77,'FRA','France'),(78,'GUF','French Guiana'),(79,'PYF','French Polynesia'),(80,'ATF','French Southern Territories'),(81,'GAB','Gabon'),(82,'GMB','Gambia'),(83,'GEO','Georgia'),(84,'DEU','Germany'),(85,'GHA','Ghana'),(86,'GIB','Gibraltar'),(87,'GRC','Greece'),(88,'GRL','Greenland'),(89,'GRD','Grenada'),(90,'GLP','Guadeloupe'),(91,'GUM','Guam'),(92,'GTM','Guatemala'),(93,'GGY','Guernsey'),(94,'GIN','Guinea'),(95,'GNB','Guinea-Bissau'),(96,'GUY','Guyana'),(97,'HTI','Haiti'),(98,'HMD','Heard Island and McDonald Islands'),(99,'VAT','Holy See'),(100,'HND','Honduras'),(101,'HKG','Hong Kong'),(102,'HUN','Magyarország'),(103,'ISL','Iceland'),(104,'IND','India'),(105,'IDN','Indonesia'),(106,'IRN','Iran (Islamic Republic of)'),(107,'IRQ','Iraq'),(108,'IRL','Ireland'),(109,'IMN','Isle of Man'),(110,'ISR','Israel'),(111,'ITA','Italy'),(112,'JAM','Jamaica'),(113,'JPN','Japan'),(114,'JEY','Jersey'),(115,'JOR','Jordan'),(116,'KAZ','Kazakhstan'),(117,'KEN','Kenya'),(118,'KIR','Kiribati'),(119,'PRK','Korea (Democratic People\'s Republic of)'),(120,'KOR','Korea, Republic of'),(121,'KWT','Kuwait'),(122,'KGZ','Kyrgyzstan'),(123,'LAO','Lao People\'s Democratic Republic'),(124,'LVA','Latvia'),(125,'LBN','Lebanon'),(126,'LSO','Lesotho'),(127,'LBR','Liberia'),(128,'LBY','Libya'),(129,'LIE','Liechtenstein'),(130,'LTU','Lithuania'),(131,'LUX','Luxembourg'),(132,'MAC','Macao'),(133,'MDG','Madagascar'),(134,'MWI','Malawi'),(135,'MYS','Malaysia'),(136,'MDV','Maldives'),(137,'MLI','Mali'),(138,'MLT','Malta'),(139,'MHL','Marshall Islands'),(140,'MTQ','Martinique'),(141,'MRT','Mauritania'),(142,'MUS','Mauritius'),(143,'MYT','Mayotte'),(144,'MEX','Mexico'),(145,'FSM','Micronesia (Federated States of)'),(146,'MDA','Moldova, Republic of'),(147,'MCO','Monaco'),(148,'MNG','Mongolia'),(149,'MNE','Montenegro'),(150,'MSR','Montserrat'),(151,'MAR','Morocco'),(152,'MOZ','Mozambique'),(153,'MMR','Myanmar'),(154,'NAM','Namibia'),(155,'NRU','Nauru'),(156,'NPL','Nepal'),(157,'NLD','Netherlands'),(158,'NCL','New Caledonia'),(159,'NZL','New Zealand'),(160,'NIC','Nicaragua'),(161,'NER','Niger'),(162,'NGA','Nigeria'),(163,'NIU','Niue'),(164,'NFK','Norfolk Island'),(165,'MKD','North Macedonia'),(166,'MNP','Northern Mariana Islands'),(167,'NOR','Norway'),(168,'OMN','Oman'),(169,'PAK','Pakistan'),(170,'PLW','Palau'),(171,'PSE','Palestine, State of'),(172,'PAN','Panama'),(173,'PNG','Papua New Guinea'),(174,'PRY','Paraguay'),(175,'PER','Peru'),(176,'PHL','Philippines'),(177,'PCN','Pitcairn'),(178,'POL','Poland'),(179,'PRT','Portugal'),(180,'PRI','Puerto Rico'),(181,'QAT','Qatar'),(182,'REU','Réunion'),(183,'ROU','Romania'),(184,'RUS','Russian Federation'),(185,'RWA','Rwanda'),(186,'BLM','Saint Barthélemy'),(187,'SHN','Saint Helena, Ascension and Tristan da Cunha'),(188,'KNA','Saint Kitts and Nevis'),(189,'LCA','Saint Lucia'),(190,'MAF','Saint Martin (French part)'),(191,'SPM','Saint Pierre and Miquelon'),(192,'VCT','Saint Vincent and the Grenadines'),(193,'WSM','Samoa'),(194,'SMR','San Marino'),(195,'STP','Sao Tome and Principe'),(196,'SAU','Saudi Arabia'),(197,'SEN','Senegal'),(198,'SRB','Serbia'),(199,'SYC','Seychelles'),(200,'SLE','Sierra Leone'),(201,'SGP','Singapore'),(202,'SXM','Sint Maarten (Dutch part)'),(203,'SVK','Slovakia'),(204,'SVN','Slovenia'),(205,'SLB','Solomon Islands'),(206,'SOM','Somalia'),(207,'ZAF','South Africa'),(208,'SGS','South Georgia and the South Sandwich Islands'),(209,'SSD','South Sudan'),(210,'ESP','Spain'),(211,'LKA','Sri Lanka'),(212,'SDN','Sudan'),(213,'SUR','Suriname'),(214,'SJM','Svalbard and Jan Mayen'),(215,'SWE','Sweden'),(216,'CHE','Switzerland'),(217,'SYR','Syrian Arab Republic'),(218,'TWN','Taiwan, Province of China'),(219,'TJK','Tajikistan'),(220,'TZA','Tanzania, United Republic of'),(221,'THA','Thailand'),(222,'TLS','Timor-Leste'),(223,'TGO','Togo'),(224,'TKL','Tokelau'),(225,'TON','Tonga'),(226,'TTO','Trinidad and Tobago'),(227,'TUN','Tunisia'),(228,'TUR','Turkey'),(229,'TKM','Turkmenistan'),(230,'TCA','Turks and Caicos Islands'),(231,'TUV','Tuvalu'),(232,'UGA','Uganda'),(233,'UKR','Ukraine'),(234,'ARE','United Arab Emirates'),(235,'GBR','United Kingdom of Great Britain and Northern Ireland'),(236,'USA','United States of America'),(237,'UMI','United States Minor Outlying Islands'),(238,'URY','Uruguay'),(239,'UZB','Uzbekistan'),(240,'VUT','Vanuatu'),(241,'VEN','Venezuela (Bolivarian Republic of)'),(242,'VNM','Viet Nam'),(243,'VGB','Virgin Islands (British)'),(244,'VIR','Virgin Islands (U.S.)'),(245,'WLF','Wallis and Futuna'),(246,'ESH','Western Sahara'),(247,'YEM','Yemen'),(248,'ZMB','Zambia'),(249,'ZWE','Zimbabwe');
/*!40000 ALTER TABLE `countries` ENABLE KEYS */;
UNLOCK TABLES;

--
-- Table structure for table `customer_industrytype`
--

DROP TABLE IF EXISTS `customer_industrytype`;
/*!40101 SET @saved_cs_client     = @@character_set_client */;
/*!50503 SET character_set_client = utf8mb4 */;
CREATE TABLE `customer_industrytype` (
  `customer_id` bigint unsigned DEFAULT NULL,
  `industrytype_id` bigint unsigned DEFAULT NULL,
  KEY `customer_industrytype_customer_id_foreign` (`customer_id`),
  KEY `customer_industrytype_industrytype_id_foreign` (`industrytype_id`),
  CONSTRAINT `customer_industrytype_customer_id_foreign` FOREIGN KEY (`customer_id`) REFERENCES `customers` (`id`) ON DELETE CASCADE,
  CONSTRAINT `customer_industrytype_industrytype_id_foreign` FOREIGN KEY (`industrytype_id`) REFERENCES `industrytypes` (`id`) ON DELETE CASCADE
) ENGINE=InnoDB DEFAULT CHARSET=utf8mb4 COLLATE=utf8mb4_unicode_ci;
/*!40101 SET character_set_client = @saved_cs_client */;

--
-- Dumping data for table `customer_industrytype`
--

LOCK TABLES `customer_industrytype` WRITE;
/*!40000 ALTER TABLE `customer_industrytype` DISABLE KEYS */;
INSERT INTO `customer_industrytype` VALUES (1,7),(1,8),(1,6),(1,2),(1,3),(1,4),(1,5),(1,9),(1,1),(2,8),(2,3),(4,1),(5,8),(5,2),(5,4),(5,7),(6,2),(6,3),(6,7),(6,9),(6,5);
/*!40000 ALTER TABLE `customer_industrytype` ENABLE KEYS */;
UNLOCK TABLES;

--
-- Table structure for table `customers`
--

DROP TABLE IF EXISTS `customers`;
/*!40101 SET @saved_cs_client     = @@character_set_client */;
/*!50503 SET character_set_client = utf8mb4 */;
CREATE TABLE `customers` (
  `id` bigint unsigned NOT NULL AUTO_INCREMENT,
  `name` varchar(255) COLLATE utf8mb4_unicode_ci NOT NULL COMMENT 'cég vagy szervezet neve',
  `registration_number` varchar(20) COLLATE utf8mb4_unicode_ci NOT NULL COMMENT 'nyilvántartási szám',
  `tax_number` varchar(20) COLLATE utf8mb4_unicode_ci NOT NULL COMMENT 'adószám',
  `payment_deadline` tinyint NOT NULL COMMENT 'fizetési határidő',
  `unique_payment_deadline` int DEFAULT NULL COMMENT 'egyedi fizetési határidő',
  `description` longtext COLLATE utf8mb4_unicode_ci COMMENT 'leírás',
  `financial_risk_rate` tinyint DEFAULT NULL COMMENT 'pénzügyi kockázati ráta 0-9',
  `justification_of_risk` longtext COLLATE utf8mb4_unicode_ci COMMENT 'kockázat indokoltsága',
  `created_at` timestamp NULL DEFAULT NULL,
  `updated_at` timestamp NULL DEFAULT NULL,
  `deleted_at` timestamp NULL DEFAULT NULL,
  PRIMARY KEY (`id`)
) ENGINE=InnoDB AUTO_INCREMENT=7 DEFAULT CHARSET=utf8mb4 COLLATE=utf8mb4_unicode_ci;
/*!40101 SET character_set_client = @saved_cs_client */;

--
-- Dumping data for table `customers`
--

LOCK TABLES `customers` WRITE;
/*!40000 ALTER TABLE `customers` DISABLE KEYS */;
INSERT INTO `customers` VALUES (1,'Nedal Network Kft.','01 09 964893','23421596-2-42',8,210,'Informatikai vállalkozás ami foglalkozik biztonságtechnikával is.',4,'teszt mai','2024-10-10 12:49:49','2024-11-18 14:26:19',NULL),(2,'Lakeware Kft.','01 02 44323','71564072-2-24',8,NULL,'Egy fain kis cég, sok targoncával.',3,'Javult a morál','2024-11-06 16:59:35','2024-11-11 11:37:13',NULL),(4,'Teszt Kft.','09 11 010101','71464084-1-15',8,NULL,NULL,9,'Teszt átállás magas kockázatra','2024-11-11 16:13:47','2024-11-12 15:52:19',NULL),(5,'teszt2','09 11 010103','56114712-2-07',8,NULL,'akshdkashd',0,NULL,'2024-11-21 11:12:19','2024-11-21 11:12:19',NULL),(6,'teszt3','00 00 00000000','00000000-0-00',8,NULL,'wwwww',0,NULL,'2024-11-21 11:15:53','2024-11-21 11:15:53',NULL);
/*!40000 ALTER TABLE `customers` ENABLE KEYS */;
UNLOCK TABLES;

--
-- Table structure for table `failed_jobs`
--

DROP TABLE IF EXISTS `failed_jobs`;
/*!40101 SET @saved_cs_client     = @@character_set_client */;
/*!50503 SET character_set_client = utf8mb4 */;
CREATE TABLE `failed_jobs` (
  `id` bigint unsigned NOT NULL AUTO_INCREMENT,
  `uuid` varchar(255) COLLATE utf8mb4_unicode_ci NOT NULL,
  `connection` text COLLATE utf8mb4_unicode_ci NOT NULL,
  `queue` text COLLATE utf8mb4_unicode_ci NOT NULL,
  `payload` longtext COLLATE utf8mb4_unicode_ci NOT NULL,
  `exception` longtext COLLATE utf8mb4_unicode_ci NOT NULL,
  `failed_at` timestamp NOT NULL DEFAULT CURRENT_TIMESTAMP,
  PRIMARY KEY (`id`),
  UNIQUE KEY `failed_jobs_uuid_unique` (`uuid`)
) ENGINE=InnoDB DEFAULT CHARSET=utf8mb4 COLLATE=utf8mb4_unicode_ci;
/*!40101 SET character_set_client = @saved_cs_client */;

--
-- Dumping data for table `failed_jobs`
--

LOCK TABLES `failed_jobs` WRITE;
/*!40000 ALTER TABLE `failed_jobs` DISABLE KEYS */;
/*!40000 ALTER TABLE `failed_jobs` ENABLE KEYS */;
UNLOCK TABLES;

--
-- Table structure for table `industrytypes`
--

DROP TABLE IF EXISTS `industrytypes`;
/*!40101 SET @saved_cs_client     = @@character_set_client */;
/*!50503 SET character_set_client = utf8mb4 */;
CREATE TABLE `industrytypes` (
  `id` bigint unsigned NOT NULL AUTO_INCREMENT,
  `name` varchar(255) COLLATE utf8mb4_unicode_ci NOT NULL COMMENT 'iparág neve',
  `created_at` timestamp NULL DEFAULT NULL,
  `updated_at` timestamp NULL DEFAULT NULL,
  `deleted_at` timestamp NULL DEFAULT NULL,
  PRIMARY KEY (`id`)
) ENGINE=InnoDB AUTO_INCREMENT=10 DEFAULT CHARSET=utf8mb4 COLLATE=utf8mb4_unicode_ci;
/*!40101 SET character_set_client = @saved_cs_client */;

--
-- Dumping data for table `industrytypes`
--

LOCK TABLES `industrytypes` WRITE;
/*!40000 ALTER TABLE `industrytypes` DISABLE KEYS */;
INSERT INTO `industrytypes` VALUES (1,'Akkumulátor- és szárazelemgyártás‎','2024-10-10 00:00:00',NULL,NULL),(2,'Élelmiszeripar','2024-10-10 00:00:00','2024-11-20 14:35:30',NULL),(3,'Energetika‎','2024-10-10 00:00:00',NULL,NULL),(4,'Építőipar','2024-10-10 00:00:00',NULL,NULL),(5,'Faipar‎','2024-10-10 10:29:28','2024-10-10 10:29:28',NULL),(6,'Telekommunikáció','2024-10-10 13:35:55','2024-10-10 13:35:55',NULL),(7,'Informatika','2024-10-10 13:36:03','2024-10-10 13:36:03',NULL),(8,'Biztonságtechnika','2024-10-10 13:36:23','2024-10-10 13:36:23',NULL),(9,'Papírgyártás','2024-10-12 11:45:26','2024-10-12 11:45:26',NULL);
/*!40000 ALTER TABLE `industrytypes` ENABLE KEYS */;
UNLOCK TABLES;

--
-- Table structure for table `job_batches`
--

DROP TABLE IF EXISTS `job_batches`;
/*!40101 SET @saved_cs_client     = @@character_set_client */;
/*!50503 SET character_set_client = utf8mb4 */;
CREATE TABLE `job_batches` (
  `id` varchar(255) COLLATE utf8mb4_unicode_ci NOT NULL,
  `name` varchar(255) COLLATE utf8mb4_unicode_ci NOT NULL,
  `total_jobs` int NOT NULL,
  `pending_jobs` int NOT NULL,
  `failed_jobs` int NOT NULL,
  `failed_job_ids` longtext COLLATE utf8mb4_unicode_ci NOT NULL,
  `options` mediumtext COLLATE utf8mb4_unicode_ci,
  `cancelled_at` int DEFAULT NULL,
  `created_at` int NOT NULL,
  `finished_at` int DEFAULT NULL,
  PRIMARY KEY (`id`)
) ENGINE=InnoDB DEFAULT CHARSET=utf8mb4 COLLATE=utf8mb4_unicode_ci;
/*!40101 SET character_set_client = @saved_cs_client */;

--
-- Dumping data for table `job_batches`
--

LOCK TABLES `job_batches` WRITE;
/*!40000 ALTER TABLE `job_batches` DISABLE KEYS */;
/*!40000 ALTER TABLE `job_batches` ENABLE KEYS */;
UNLOCK TABLES;

--
-- Table structure for table `jobs`
--

DROP TABLE IF EXISTS `jobs`;
/*!40101 SET @saved_cs_client     = @@character_set_client */;
/*!50503 SET character_set_client = utf8mb4 */;
CREATE TABLE `jobs` (
  `id` bigint unsigned NOT NULL AUTO_INCREMENT,
  `queue` varchar(255) COLLATE utf8mb4_unicode_ci NOT NULL,
  `payload` longtext COLLATE utf8mb4_unicode_ci NOT NULL,
  `attempts` tinyint unsigned NOT NULL,
  `reserved_at` int unsigned DEFAULT NULL,
  `available_at` int unsigned NOT NULL,
  `created_at` int unsigned NOT NULL,
  PRIMARY KEY (`id`),
  KEY `jobs_queue_index` (`queue`)
) ENGINE=InnoDB DEFAULT CHARSET=utf8mb4 COLLATE=utf8mb4_unicode_ci;
/*!40101 SET character_set_client = @saved_cs_client */;

--
-- Dumping data for table `jobs`
--

LOCK TABLES `jobs` WRITE;
/*!40000 ALTER TABLE `jobs` DISABLE KEYS */;
/*!40000 ALTER TABLE `jobs` ENABLE KEYS */;
UNLOCK TABLES;

--
-- Table structure for table `migrations`
--

DROP TABLE IF EXISTS `migrations`;
/*!40101 SET @saved_cs_client     = @@character_set_client */;
/*!50503 SET character_set_client = utf8mb4 */;
CREATE TABLE `migrations` (
  `id` int unsigned NOT NULL AUTO_INCREMENT,
  `migration` varchar(255) COLLATE utf8mb4_unicode_ci NOT NULL,
  `batch` int NOT NULL,
  PRIMARY KEY (`id`)
) ENGINE=InnoDB AUTO_INCREMENT=67 DEFAULT CHARSET=utf8mb4 COLLATE=utf8mb4_unicode_ci;
/*!40101 SET character_set_client = @saved_cs_client */;

--
-- Dumping data for table `migrations`
--

LOCK TABLES `migrations` WRITE;
/*!40000 ALTER TABLE `migrations` DISABLE KEYS */;
INSERT INTO `migrations` VALUES (1,'0001_01_01_000000_create_users_table',1),(2,'0001_01_01_000001_create_cache_table',1),(3,'0001_01_01_000002_create_jobs_table',1),(10,'2024_10_10_095004_create_industrytypes_table',3),(11,'2024_10_10_100230_customer_industrytype',4),(12,'2024_10_10_124058_create_customers_table',5),(13,'2024_10_10_144616_create_contacts_table',6),(14,'2024_10_10_150151_create_addresses_table',7),(17,'2024_10_11_141930_create_settlements_table',9),(18,'2024_10_11_154721_create_countries_table',10),(22,'2024_11_07_160512_add_phone_column_to_users_table',12),(25,'2024_11_07_165623_create_permission_tables',13),(30,'2024_11_12_105311_create_activity_log_table',15),(31,'2024_11_12_105312_add_event_column_to_activity_log_table',15),(32,'2024_11_12_105313_add_batch_uuid_column_to_activity_log_table',15),(34,'2024_11_13_075924_create_sales_table',16),(35,'2024_11_14_135651_create_priceoffers_table',17),(36,'2024_11_18_123243_create_products_table',18),(41,'2024_11_18_141916_create_priceofferitems_table',20),(42,'2024_11_20_125700_create_addresstypes_table',21),(43,'2024_11_20_135426_add_financial_relationship_to_contacts_table',22),(44,'2024_11_20_140949_add_type_column_to_contacts_table',23),(45,'2024_11_20_144138_add_softdeletes_column_to_settlements_table',24),(51,'2024_11_22_183816_create_brands_table',26),(52,'2024_11_25_123009_create_productmaincategories_table',27),(53,'2024_11_25_123121_create_productsubcategories_table',27),(56,'2024_11_25_141529_add_productmaincategory_id_column_to_productsubcategories_table',28),(58,'2024_12_17_095209_add_productproperties_columns_to_products_table',29),(59,'2024_12_17_115742_create_suppliers_table',30),(60,'2024_12_17_120301_add_supplier_id_column_to_brands_table',31),(63,'2025_01_03_193853_add_columns_to_priceofferitems_table',33),(65,'2024_11_21_150405_create_productprices_table',34),(66,'2025_01_03_210116_add_deleted_at_column_to_productprices_table',35);
/*!40000 ALTER TABLE `migrations` ENABLE KEYS */;
UNLOCK TABLES;

--
-- Table structure for table `model_has_permissions`
--

DROP TABLE IF EXISTS `model_has_permissions`;
/*!40101 SET @saved_cs_client     = @@character_set_client */;
/*!50503 SET character_set_client = utf8mb4 */;
CREATE TABLE `model_has_permissions` (
  `permission_id` bigint unsigned NOT NULL,
  `model_type` varchar(255) COLLATE utf8mb4_unicode_ci NOT NULL,
  `model_id` bigint unsigned NOT NULL,
  PRIMARY KEY (`permission_id`,`model_id`,`model_type`),
  KEY `model_has_permissions_model_id_model_type_index` (`model_id`,`model_type`),
  CONSTRAINT `model_has_permissions_permission_id_foreign` FOREIGN KEY (`permission_id`) REFERENCES `permissions` (`id`) ON DELETE CASCADE
) ENGINE=InnoDB DEFAULT CHARSET=utf8mb4 COLLATE=utf8mb4_unicode_ci;
/*!40101 SET character_set_client = @saved_cs_client */;

--
-- Dumping data for table `model_has_permissions`
--

LOCK TABLES `model_has_permissions` WRITE;
/*!40000 ALTER TABLE `model_has_permissions` DISABLE KEYS */;
/*!40000 ALTER TABLE `model_has_permissions` ENABLE KEYS */;
UNLOCK TABLES;

--
-- Table structure for table `model_has_roles`
--

DROP TABLE IF EXISTS `model_has_roles`;
/*!40101 SET @saved_cs_client     = @@character_set_client */;
/*!50503 SET character_set_client = utf8mb4 */;
CREATE TABLE `model_has_roles` (
  `role_id` bigint unsigned NOT NULL,
  `model_type` varchar(255) COLLATE utf8mb4_unicode_ci NOT NULL,
  `model_id` bigint unsigned NOT NULL,
  PRIMARY KEY (`role_id`,`model_id`,`model_type`),
  KEY `model_has_roles_model_id_model_type_index` (`model_id`,`model_type`),
  CONSTRAINT `model_has_roles_role_id_foreign` FOREIGN KEY (`role_id`) REFERENCES `roles` (`id`) ON DELETE CASCADE
) ENGINE=InnoDB DEFAULT CHARSET=utf8mb4 COLLATE=utf8mb4_unicode_ci;
/*!40101 SET character_set_client = @saved_cs_client */;

--
-- Dumping data for table `model_has_roles`
--

LOCK TABLES `model_has_roles` WRITE;
/*!40000 ALTER TABLE `model_has_roles` DISABLE KEYS */;
INSERT INTO `model_has_roles` VALUES (1,'App\\Models\\User',1),(2,'App\\Models\\User',3);
/*!40000 ALTER TABLE `model_has_roles` ENABLE KEYS */;
UNLOCK TABLES;

--
-- Table structure for table `password_reset_tokens`
--

DROP TABLE IF EXISTS `password_reset_tokens`;
/*!40101 SET @saved_cs_client     = @@character_set_client */;
/*!50503 SET character_set_client = utf8mb4 */;
CREATE TABLE `password_reset_tokens` (
  `email` varchar(255) COLLATE utf8mb4_unicode_ci NOT NULL,
  `token` varchar(255) COLLATE utf8mb4_unicode_ci NOT NULL,
  `created_at` timestamp NULL DEFAULT NULL,
  PRIMARY KEY (`email`)
) ENGINE=InnoDB DEFAULT CHARSET=utf8mb4 COLLATE=utf8mb4_unicode_ci;
/*!40101 SET character_set_client = @saved_cs_client */;

--
-- Dumping data for table `password_reset_tokens`
--

LOCK TABLES `password_reset_tokens` WRITE;
/*!40000 ALTER TABLE `password_reset_tokens` DISABLE KEYS */;
/*!40000 ALTER TABLE `password_reset_tokens` ENABLE KEYS */;
UNLOCK TABLES;

--
-- Table structure for table `permissions`
--

DROP TABLE IF EXISTS `permissions`;
/*!40101 SET @saved_cs_client     = @@character_set_client */;
/*!50503 SET character_set_client = utf8mb4 */;
CREATE TABLE `permissions` (
  `id` bigint unsigned NOT NULL AUTO_INCREMENT,
  `name` varchar(255) COLLATE utf8mb4_unicode_ci NOT NULL,
  `guard_name` varchar(255) COLLATE utf8mb4_unicode_ci NOT NULL,
  `created_at` timestamp NULL DEFAULT NULL,
  `updated_at` timestamp NULL DEFAULT NULL,
  PRIMARY KEY (`id`),
  UNIQUE KEY `permissions_name_guard_name_unique` (`name`,`guard_name`)
) ENGINE=InnoDB AUTO_INCREMENT=68 DEFAULT CHARSET=utf8mb4 COLLATE=utf8mb4_unicode_ci;
/*!40101 SET character_set_client = @saved_cs_client */;

--
-- Dumping data for table `permissions`
--

LOCK TABLES `permissions` WRITE;
/*!40000 ALTER TABLE `permissions` DISABLE KEYS */;
INSERT INTO `permissions` VALUES (1,'view_customer','web','2024-11-07 20:51:21','2024-11-07 20:51:21'),(2,'view_any_customer','web','2024-11-07 20:51:21','2024-11-07 20:51:21'),(3,'create_customer','web','2024-11-07 20:51:21','2024-11-07 20:51:21'),(4,'update_customer','web','2024-11-07 20:51:21','2024-11-07 20:51:21'),(5,'restore_customer','web','2024-11-07 20:51:21','2024-11-07 20:51:21'),(6,'restore_any_customer','web','2024-11-07 20:51:21','2024-11-07 20:51:21'),(7,'replicate_customer','web','2024-11-07 20:51:21','2024-11-07 20:51:21'),(8,'reorder_customer','web','2024-11-07 20:51:21','2024-11-07 20:51:21'),(9,'delete_customer','web','2024-11-07 20:51:21','2024-11-07 20:51:21'),(10,'delete_any_customer','web','2024-11-07 20:51:21','2024-11-07 20:51:21'),(11,'force_delete_customer','web','2024-11-07 20:51:21','2024-11-07 20:51:21'),(12,'force_delete_any_customer','web','2024-11-07 20:51:21','2024-11-07 20:51:21'),(13,'view_industrytype','web','2024-11-07 20:51:21','2024-11-07 20:51:21'),(14,'view_any_industrytype','web','2024-11-07 20:51:21','2024-11-07 20:51:21'),(15,'create_industrytype','web','2024-11-07 20:51:21','2024-11-07 20:51:21'),(16,'update_industrytype','web','2024-11-07 20:51:21','2024-11-07 20:51:21'),(17,'restore_industrytype','web','2024-11-07 20:51:21','2024-11-07 20:51:21'),(18,'restore_any_industrytype','web','2024-11-07 20:51:21','2024-11-07 20:51:21'),(19,'replicate_industrytype','web','2024-11-07 20:51:21','2024-11-07 20:51:21'),(20,'reorder_industrytype','web','2024-11-07 20:51:21','2024-11-07 20:51:21'),(21,'delete_industrytype','web','2024-11-07 20:51:21','2024-11-07 20:51:21'),(22,'delete_any_industrytype','web','2024-11-07 20:51:21','2024-11-07 20:51:21'),(23,'force_delete_industrytype','web','2024-11-07 20:51:21','2024-11-07 20:51:21'),(24,'force_delete_any_industrytype','web','2024-11-07 20:51:21','2024-11-07 20:51:21'),(25,'view_sale','web','2024-11-07 20:51:21','2024-11-07 20:51:21'),(26,'view_any_sale','web','2024-11-07 20:51:21','2024-11-07 20:51:21'),(27,'create_sale','web','2024-11-07 20:51:21','2024-11-07 20:51:21'),(28,'update_sale','web','2024-11-07 20:51:21','2024-11-07 20:51:21'),(29,'restore_sale','web','2024-11-07 20:51:21','2024-11-07 20:51:21'),(30,'restore_any_sale','web','2024-11-07 20:51:22','2024-11-07 20:51:22'),(31,'replicate_sale','web','2024-11-07 20:51:22','2024-11-07 20:51:22'),(32,'reorder_sale','web','2024-11-07 20:51:22','2024-11-07 20:51:22'),(33,'delete_sale','web','2024-11-07 20:51:22','2024-11-07 20:51:22'),(34,'delete_any_sale','web','2024-11-07 20:51:22','2024-11-07 20:51:22'),(35,'force_delete_sale','web','2024-11-07 20:51:22','2024-11-07 20:51:22'),(36,'force_delete_any_sale','web','2024-11-07 20:51:22','2024-11-07 20:51:22'),(37,'view_settlement','web','2024-11-07 20:51:22','2024-11-07 20:51:22'),(38,'view_any_settlement','web','2024-11-07 20:51:22','2024-11-07 20:51:22'),(39,'create_settlement','web','2024-11-07 20:51:22','2024-11-07 20:51:22'),(40,'update_settlement','web','2024-11-07 20:51:22','2024-11-07 20:51:22'),(41,'restore_settlement','web','2024-11-07 20:51:22','2024-11-07 20:51:22'),(42,'restore_any_settlement','web','2024-11-07 20:51:22','2024-11-07 20:51:22'),(43,'replicate_settlement','web','2024-11-07 20:51:22','2024-11-07 20:51:22'),(44,'reorder_settlement','web','2024-11-07 20:51:22','2024-11-07 20:51:22'),(45,'delete_settlement','web','2024-11-07 20:51:22','2024-11-07 20:51:22'),(46,'delete_any_settlement','web','2024-11-07 20:51:22','2024-11-07 20:51:22'),(47,'force_delete_settlement','web','2024-11-07 20:51:22','2024-11-07 20:51:22'),(48,'force_delete_any_settlement','web','2024-11-07 20:51:22','2024-11-07 20:51:22'),(49,'view_shield::role','web','2024-11-07 20:51:22','2024-11-07 20:51:22'),(50,'view_any_shield::role','web','2024-11-07 20:51:22','2024-11-07 20:51:22'),(51,'create_shield::role','web','2024-11-07 20:51:22','2024-11-07 20:51:22'),(52,'update_shield::role','web','2024-11-07 20:51:22','2024-11-07 20:51:22'),(53,'delete_shield::role','web','2024-11-07 20:51:22','2024-11-07 20:51:22'),(54,'delete_any_shield::role','web','2024-11-07 20:51:22','2024-11-07 20:51:22'),(55,'view_user','web','2024-11-07 20:51:22','2024-11-07 20:51:22'),(56,'view_any_user','web','2024-11-07 20:51:22','2024-11-07 20:51:22'),(57,'create_user','web','2024-11-07 20:51:22','2024-11-07 20:51:22'),(58,'update_user','web','2024-11-07 20:51:22','2024-11-07 20:51:22'),(59,'restore_user','web','2024-11-07 20:51:22','2024-11-07 20:51:22'),(60,'restore_any_user','web','2024-11-07 20:51:22','2024-11-07 20:51:22'),(61,'replicate_user','web','2024-11-07 20:51:22','2024-11-07 20:51:22'),(62,'reorder_user','web','2024-11-07 20:51:22','2024-11-07 20:51:22'),(63,'delete_user','web','2024-11-07 20:51:22','2024-11-07 20:51:22'),(64,'delete_any_user','web','2024-11-07 20:51:22','2024-11-07 20:51:22'),(65,'force_delete_user','web','2024-11-07 20:51:22','2024-11-07 20:51:22'),(66,'force_delete_any_user','web','2024-11-07 20:51:22','2024-11-07 20:51:22'),(67,'page_Settings','web','2024-11-07 20:51:22','2024-11-07 20:51:22');
/*!40000 ALTER TABLE `permissions` ENABLE KEYS */;
UNLOCK TABLES;

--
-- Table structure for table `priceofferitems`
--

DROP TABLE IF EXISTS `priceofferitems`;
/*!40101 SET @saved_cs_client     = @@character_set_client */;
/*!50503 SET character_set_client = utf8mb4 */;
CREATE TABLE `priceofferitems` (
  `id` bigint unsigned NOT NULL AUTO_INCREMENT,
  `priceoffer_id` int NOT NULL COMMENT 'árajánlat azonosító',
  `productmaincategory_id` int DEFAULT NULL COMMENT 'főkategória',
  `productsubcategory_id` int DEFAULT NULL COMMENT 'alkategória',
  `brand_id` int DEFAULT NULL COMMENT 'márka',
  `product_id` int NOT NULL COMMENT 'termék',
  `netprice` int NOT NULL COMMENT 'nettó ár',
  `quantity` int NOT NULL COMMENT 'mennyiség',
  `discount` int NOT NULL COMMENT 'kedvezmény mértéke',
  `net_total_price` int NOT NULL COMMENT 'nettó össz. ár (kedvezménnyel együtt)',
  `created_at` timestamp NULL DEFAULT NULL,
  `updated_at` timestamp NULL DEFAULT NULL,
  PRIMARY KEY (`id`)
) ENGINE=InnoDB AUTO_INCREMENT=10 DEFAULT CHARSET=utf8mb4 COLLATE=utf8mb4_unicode_ci;
/*!40101 SET character_set_client = @saved_cs_client */;

--
-- Dumping data for table `priceofferitems`
--

LOCK TABLES `priceofferitems` WRITE;
/*!40000 ALTER TABLE `priceofferitems` DISABLE KEYS */;
INSERT INTO `priceofferitems` VALUES (1,1,NULL,NULL,NULL,1,12000,1,0,12000,'2024-11-18 16:16:51','2024-11-18 16:16:51'),(2,1,NULL,NULL,NULL,2,17000,1,0,17000,'2024-11-18 16:16:51','2024-11-18 16:16:51'),(3,2,NULL,NULL,NULL,1,12000,1,0,12000,'2024-11-18 16:18:19','2024-11-18 16:18:19'),(4,2,NULL,NULL,NULL,3,23000,1,0,23000,'2024-11-18 16:18:19','2024-11-18 16:18:19'),(5,3,NULL,NULL,NULL,3,23000,1,0,23000,'2024-11-18 16:19:59','2024-11-18 16:19:59'),(6,3,NULL,NULL,NULL,2,17000,1,0,17000,'2024-11-18 16:19:59','2024-11-18 16:19:59'),(7,4,NULL,NULL,NULL,1,12000,2,10,21600,'2024-11-19 06:30:21','2024-11-19 06:30:21'),(8,4,NULL,NULL,NULL,2,17000,4,0,68000,'2024-11-19 06:30:21','2024-11-19 06:30:21'),(9,4,NULL,NULL,NULL,3,23000,1,0,23000,'2024-11-19 06:30:21','2024-11-19 06:30:21');
/*!40000 ALTER TABLE `priceofferitems` ENABLE KEYS */;
UNLOCK TABLES;

--
-- Table structure for table `priceoffers`
--

DROP TABLE IF EXISTS `priceoffers`;
/*!40101 SET @saved_cs_client     = @@character_set_client */;
/*!50503 SET character_set_client = utf8mb4 */;
CREATE TABLE `priceoffers` (
  `id` bigint unsigned NOT NULL AUTO_INCREMENT,
  `sale_id` int NOT NULL,
  `user_id` int NOT NULL,
  `price_offer_id` varchar(255) COLLATE utf8mb4_unicode_ci NOT NULL COMMENT 'árajánlat azonosító: PO-00000001',
  `status` tinyint unsigned NOT NULL COMMENT 'feltöltés enumból: PriceOffersStatus',
  `expected_closing_at` date NOT NULL COMMENT 'várható lezárás dátuma',
  `offer_amount` int DEFAULT NULL COMMENT 'árajánlat összege, várható árbevétel',
  `created_at` timestamp NULL DEFAULT NULL,
  `updated_at` timestamp NULL DEFAULT NULL,
  `deleted_at` timestamp NULL DEFAULT NULL,
  PRIMARY KEY (`id`)
) ENGINE=InnoDB AUTO_INCREMENT=21 DEFAULT CHARSET=utf8mb4 COLLATE=utf8mb4_unicode_ci;
/*!40101 SET character_set_client = @saved_cs_client */;

--
-- Dumping data for table `priceoffers`
--

LOCK TABLES `priceoffers` WRITE;
/*!40000 ALTER TABLE `priceoffers` DISABLE KEYS */;
INSERT INTO `priceoffers` VALUES (1,1,1,'PO-0000001',1,'2024-11-20',29000,'2024-11-18 16:16:51','2024-11-19 08:20:35',NULL),(2,1,1,'PO-0000002',1,'2024-11-21',35000,'2024-11-18 16:18:19','2024-11-19 08:20:40',NULL),(3,1,1,'PO-0000003',1,'2024-11-22',40000,'2024-11-18 16:19:59','2024-11-18 16:19:59',NULL),(4,1,1,'PO-0000004',1,'2024-11-22',112600,'2024-11-19 06:30:21','2024-11-19 06:30:21',NULL),(5,1,1,'PO-0000005',1,'2025-01-31',0,'2025-01-03 19:05:25','2025-01-03 19:05:25',NULL),(6,1,1,'PO-0000006',1,'2025-01-31',0,'2025-01-03 19:07:28','2025-01-03 19:07:28',NULL),(7,1,1,'PO-0000007',1,'2025-01-25',0,'2025-01-03 19:14:54','2025-01-03 19:14:54',NULL),(8,1,1,'PO-0000007',1,'2025-01-25',0,'2025-01-03 19:15:33','2025-01-03 19:15:33',NULL),(9,1,1,'PO-0000008',1,'2025-01-24',0,'2025-01-03 19:16:57','2025-01-03 19:16:57',NULL),(10,1,1,'PO-0000009',1,'2025-01-17',0,'2025-01-03 19:18:43','2025-01-03 19:18:43',NULL),(11,1,1,'PO-0000010',1,'2025-01-24',0,'2025-01-03 19:22:21','2025-01-03 19:22:21',NULL),(12,1,1,'PO-0000011',1,'2025-01-31',0,'2025-01-03 19:28:09','2025-01-03 19:28:09',NULL),(13,1,1,'PO-0000012',1,'2025-01-31',0,'2025-01-03 19:29:19','2025-01-03 19:29:19',NULL),(14,1,1,'PO-0000013',1,'2025-01-31',0,'2025-01-03 19:32:16','2025-01-03 19:32:16',NULL),(15,1,1,'PO-0000014',1,'2025-01-31',0,'2025-01-03 19:33:18','2025-01-03 19:33:18',NULL),(16,1,1,'PO-0000015',1,'2025-01-31',0,'2025-01-03 19:35:04','2025-01-03 19:35:04',NULL),(17,1,1,'PO-0000016',1,'2025-01-31',0,'2025-01-03 19:46:24','2025-01-03 19:46:24',NULL),(18,1,1,'PO-0000017',1,'2025-01-24',215,'2025-01-03 20:01:52','2025-01-03 20:01:52',NULL),(19,1,1,'PO-0000017',1,'2025-01-24',215,'2025-01-03 20:05:37','2025-01-03 20:05:37',NULL),(20,1,1,'PO-0000018',1,'2025-01-31',326,'2025-01-03 20:07:16','2025-01-03 20:07:16',NULL);
/*!40000 ALTER TABLE `priceoffers` ENABLE KEYS */;
UNLOCK TABLES;

--
-- Table structure for table `productmaincategories`
--

DROP TABLE IF EXISTS `productmaincategories`;
/*!40101 SET @saved_cs_client     = @@character_set_client */;
/*!50503 SET character_set_client = utf8mb4 */;
CREATE TABLE `productmaincategories` (
  `id` bigint unsigned NOT NULL AUTO_INCREMENT,
  `name` varchar(255) COLLATE utf8mb4_unicode_ci NOT NULL COMMENT 'főkategória neve',
  `created_at` timestamp NULL DEFAULT NULL,
  `updated_at` timestamp NULL DEFAULT NULL,
  `deleted_at` timestamp NULL DEFAULT NULL,
  PRIMARY KEY (`id`)
) ENGINE=InnoDB AUTO_INCREMENT=8 DEFAULT CHARSET=utf8mb4 COLLATE=utf8mb4_unicode_ci;
/*!40101 SET character_set_client = @saved_cs_client */;

--
-- Dumping data for table `productmaincategories`
--

LOCK TABLES `productmaincategories` WRITE;
/*!40000 ALTER TABLE `productmaincategories` DISABLE KEYS */;
INSERT INTO `productmaincategories` VALUES (1,'teszt főkategória','2024-11-25 00:00:00','2024-12-16 10:39:11',NULL),(2,'teszt3','2024-11-25 00:00:00','2024-11-25 00:00:00',NULL),(3,'Biztosítások','2024-11-26 10:42:40','2024-11-26 10:42:40',NULL),(4,'hehehe','2024-12-16 10:39:22','2024-12-16 10:39:22',NULL),(5,'blablabla','2024-12-16 15:05:05','2024-12-16 15:05:05',NULL),(6,'újabb főkategória','2024-12-17 15:45:02','2024-12-17 15:45:02',NULL),(7,'mégújabb főkategória','2024-12-17 15:48:16','2024-12-17 15:48:16',NULL);
/*!40000 ALTER TABLE `productmaincategories` ENABLE KEYS */;
UNLOCK TABLES;

--
-- Table structure for table `productprices`
--

DROP TABLE IF EXISTS `productprices`;
/*!40101 SET @saved_cs_client     = @@character_set_client */;
/*!50503 SET character_set_client = utf8mb4 */;
CREATE TABLE `productprices` (
  `id` bigint unsigned NOT NULL AUTO_INCREMENT,
  `product_id` int NOT NULL,
  `net_purchase_price_eur` int DEFAULT NULL COMMENT 'netto beszerzési ár (euro)',
  `net_purchase_price_huf` int DEFAULT NULL COMMENT 'netto beszerzési ár (forint)',
  `supplier_id` int DEFAULT NULL COMMENT 'beszállító',
  `net_list_price_eur` int DEFAULT NULL COMMENT 'netto lista ár (euro)',
  `net_list_price_huf` int DEFAULT NULL COMMENT 'netto lista ár (forint)',
  `profit_margin` int DEFAULT NULL COMMENT 'haszonkulcs',
  `created_at` timestamp NULL DEFAULT NULL,
  `updated_at` timestamp NULL DEFAULT NULL,
  `deleted_at` timestamp NULL DEFAULT NULL,
  PRIMARY KEY (`id`)
) ENGINE=InnoDB AUTO_INCREMENT=2 DEFAULT CHARSET=utf8mb4 COLLATE=utf8mb4_unicode_ci;
/*!40101 SET character_set_client = @saved_cs_client */;

--
-- Dumping data for table `productprices`
--

LOCK TABLES `productprices` WRITE;
/*!40000 ALTER TABLE `productprices` DISABLE KEYS */;
INSERT INTO `productprices` VALUES (1,1,1000,416000,1,2000,832000,NULL,'2025-01-03 00:00:00','2025-01-03 00:00:00',NULL);
/*!40000 ALTER TABLE `productprices` ENABLE KEYS */;
UNLOCK TABLES;

--
-- Table structure for table `products`
--

DROP TABLE IF EXISTS `products`;
/*!40101 SET @saved_cs_client     = @@character_set_client */;
/*!50503 SET character_set_client = utf8mb4 */;
CREATE TABLE `products` (
  `id` bigint unsigned NOT NULL AUTO_INCREMENT,
  `productmaincategory_id` int NOT NULL COMMENT 'főkategória',
  `productsubcategory_id` int DEFAULT NULL COMMENT 'alkategória',
  `brand_id` int DEFAULT NULL COMMENT 'márka',
  `image_path` varchar(255) COLLATE utf8mb4_unicode_ci DEFAULT NULL COMMENT 'kép a termékről',
  `season` tinyint DEFAULT NULL COMMENT 'évszak',
  `width` varchar(5) COLLATE utf8mb4_unicode_ci DEFAULT NULL COMMENT 'szélesség',
  `height` varchar(5) COLLATE utf8mb4_unicode_ci DEFAULT NULL COMMENT 'magasság',
  `structure` varchar(1) COLLATE utf8mb4_unicode_ci DEFAULT NULL COMMENT 'szerkezet: R-radiál,D-diagonál,B-bias',
  `rim_diameter` varchar(5) COLLATE utf8mb4_unicode_ci DEFAULT NULL COMMENT 'felni átmérő col',
  `outer_diameter` varchar(5) COLLATE utf8mb4_unicode_ci DEFAULT NULL COMMENT 'külső átmérő cm',
  `load_capacity` tinyint DEFAULT NULL COMMENT 'névleges teherbírás kg',
  `internal_structure` tinyint DEFAULT NULL COMMENT '0->tömör, 1->fújt, 2->tömlővel és védőszalaggal, 3->töltött',
  `color` tinyint(1) DEFAULT NULL COMMENT '0 normál, 1 nyomot nem hagyó',
  `pattern_code` varchar(10) COLLATE utf8mb4_unicode_ci DEFAULT NULL COMMENT 'mintázat kód',
  `pattern_depth` varchar(5) COLLATE utf8mb4_unicode_ci DEFAULT NULL COMMENT 'mintázat mélység',
  `description` longtext COLLATE utf8mb4_unicode_ci COMMENT 'leírás',
  `created_at` timestamp NULL DEFAULT NULL,
  `updated_at` timestamp NULL DEFAULT NULL,
  `deleted_at` timestamp NULL DEFAULT NULL,
  PRIMARY KEY (`id`)
) ENGINE=InnoDB AUTO_INCREMENT=6 DEFAULT CHARSET=utf8mb4 COLLATE=utf8mb4_unicode_ci;
/*!40101 SET character_set_client = @saved_cs_client */;

--
-- Dumping data for table `products`
--

LOCK TABLES `products` WRITE;
/*!40000 ALTER TABLE `products` DISABLE KEYS */;
INSERT INTO `products` VALUES (1,1,1,20,'form-attachments/01JF9ZY1G2DW781DEGKNNK3HYA.jpg',1,'225','40','R','18',NULL,NULL,NULL,NULL,NULL,NULL,'Ezt egy teszt leírás','2024-11-18 00:00:00','2025-01-03 19:17:51',NULL),(2,1,2,2,NULL,NULL,NULL,NULL,NULL,NULL,NULL,NULL,NULL,NULL,NULL,NULL,NULL,'2024-11-18 00:00:00','2024-11-18 00:00:00',NULL),(3,2,1,3,NULL,NULL,NULL,NULL,NULL,NULL,NULL,NULL,NULL,NULL,NULL,NULL,NULL,'2024-11-18 00:00:00','2024-11-18 00:00:00',NULL),(4,3,2,4,NULL,NULL,NULL,NULL,NULL,NULL,NULL,NULL,NULL,NULL,NULL,NULL,NULL,'2024-11-26 10:42:55','2024-11-26 10:48:42',NULL),(5,3,3,3,NULL,NULL,NULL,NULL,NULL,NULL,NULL,NULL,NULL,NULL,NULL,NULL,NULL,'2024-11-26 11:44:54','2024-11-26 11:44:54',NULL);
/*!40000 ALTER TABLE `products` ENABLE KEYS */;
UNLOCK TABLES;

--
-- Table structure for table `productsubcategories`
--

DROP TABLE IF EXISTS `productsubcategories`;
/*!40101 SET @saved_cs_client     = @@character_set_client */;
/*!50503 SET character_set_client = utf8mb4 */;
CREATE TABLE `productsubcategories` (
  `id` bigint unsigned NOT NULL AUTO_INCREMENT,
  `productmaincategory_id` int NOT NULL COMMENT 'szülő kategória',
  `name` varchar(255) COLLATE utf8mb4_unicode_ci NOT NULL COMMENT 'alkategória neve',
  `created_at` timestamp NULL DEFAULT NULL,
  `updated_at` timestamp NULL DEFAULT NULL,
  `deleted_at` timestamp NULL DEFAULT NULL,
  PRIMARY KEY (`id`)
) ENGINE=InnoDB AUTO_INCREMENT=10 DEFAULT CHARSET=utf8mb4 COLLATE=utf8mb4_unicode_ci;
/*!40101 SET character_set_client = @saved_cs_client */;

--
-- Dumping data for table `productsubcategories`
--

LOCK TABLES `productsubcategories` WRITE;
/*!40000 ALTER TABLE `productsubcategories` DISABLE KEYS */;
INSERT INTO `productsubcategories` VALUES (1,1,'teszt alkategória','2024-11-25 00:00:00','2024-11-25 14:21:24',NULL),(2,5,'Lakásbiztosítás','2024-11-26 10:48:21','2024-11-26 10:48:21',NULL),(3,5,'Életbiztosítás','2024-11-26 11:44:21','2024-11-26 11:44:21',NULL),(4,3,'egyeske biztosítás','2024-12-16 16:11:42','2024-12-16 16:18:17',NULL),(5,3,'kettes biztosítás','2024-12-16 16:11:55','2024-12-16 16:11:55',NULL),(6,4,'tetetetetetet','2024-12-17 14:29:08','2024-12-17 14:29:08',NULL),(7,4,'wqwqwqwqw','2024-12-17 14:33:00','2024-12-17 14:33:00',NULL),(8,4,'wswswswswsw','2024-12-17 14:33:34','2024-12-17 14:33:34',NULL),(9,7,'mégújabb alkategória','2024-12-17 15:54:15','2024-12-17 15:54:15',NULL);
/*!40000 ALTER TABLE `productsubcategories` ENABLE KEYS */;
UNLOCK TABLES;

--
-- Table structure for table `role_has_permissions`
--

DROP TABLE IF EXISTS `role_has_permissions`;
/*!40101 SET @saved_cs_client     = @@character_set_client */;
/*!50503 SET character_set_client = utf8mb4 */;
CREATE TABLE `role_has_permissions` (
  `permission_id` bigint unsigned NOT NULL,
  `role_id` bigint unsigned NOT NULL,
  PRIMARY KEY (`permission_id`,`role_id`),
  KEY `role_has_permissions_role_id_foreign` (`role_id`),
  CONSTRAINT `role_has_permissions_permission_id_foreign` FOREIGN KEY (`permission_id`) REFERENCES `permissions` (`id`) ON DELETE CASCADE,
  CONSTRAINT `role_has_permissions_role_id_foreign` FOREIGN KEY (`role_id`) REFERENCES `roles` (`id`) ON DELETE CASCADE
) ENGINE=InnoDB DEFAULT CHARSET=utf8mb4 COLLATE=utf8mb4_unicode_ci;
/*!40101 SET character_set_client = @saved_cs_client */;

--
-- Dumping data for table `role_has_permissions`
--

LOCK TABLES `role_has_permissions` WRITE;
/*!40000 ALTER TABLE `role_has_permissions` DISABLE KEYS */;
INSERT INTO `role_has_permissions` VALUES (1,1),(2,1),(3,1),(4,1),(5,1),(6,1),(7,1),(8,1),(9,1),(10,1),(11,1),(12,1),(13,1),(14,1),(15,1),(16,1),(17,1),(18,1),(19,1),(20,1),(21,1),(22,1),(23,1),(24,1),(25,1),(26,1),(27,1),(28,1),(29,1),(30,1),(31,1),(32,1),(33,1),(34,1),(35,1),(36,1),(37,1),(38,1),(39,1),(40,1),(41,1),(42,1),(43,1),(44,1),(45,1),(46,1),(47,1),(48,1),(49,1),(50,1),(51,1),(52,1),(53,1),(54,1),(55,1),(56,1),(57,1),(58,1),(59,1),(60,1),(61,1),(62,1),(63,1),(64,1),(65,1),(66,1),(67,1),(1,2),(2,2),(3,2),(4,2),(5,2),(6,2),(7,2),(8,2),(9,2),(10,2),(11,2),(12,2),(13,2),(14,2),(15,2),(16,2),(17,2),(18,2),(19,2),(20,2),(21,2),(22,2),(23,2),(24,2),(25,2),(26,2),(27,2),(28,2),(29,2),(30,2),(31,2),(32,2),(33,2),(34,2),(35,2),(36,2),(37,2),(38,2),(39,2),(40,2),(41,2),(42,2),(43,2),(44,2),(45,2),(46,2),(47,2),(48,2),(55,2),(56,2),(57,2),(58,2),(59,2),(60,2),(61,2),(62,2),(63,2),(64,2),(65,2),(66,2),(67,2),(1,3),(2,3),(3,3),(4,3),(7,3),(8,3),(13,3),(14,3),(15,3),(16,3),(19,3),(20,3),(25,3),(26,3),(27,3),(28,3),(31,3),(32,3),(37,3),(38,3),(39,3),(40,3),(43,3),(44,3);
/*!40000 ALTER TABLE `role_has_permissions` ENABLE KEYS */;
UNLOCK TABLES;

--
-- Table structure for table `roles`
--

DROP TABLE IF EXISTS `roles`;
/*!40101 SET @saved_cs_client     = @@character_set_client */;
/*!50503 SET character_set_client = utf8mb4 */;
CREATE TABLE `roles` (
  `id` bigint unsigned NOT NULL AUTO_INCREMENT,
  `name` varchar(255) COLLATE utf8mb4_unicode_ci NOT NULL,
  `guard_name` varchar(255) COLLATE utf8mb4_unicode_ci NOT NULL,
  `created_at` timestamp NULL DEFAULT NULL,
  `updated_at` timestamp NULL DEFAULT NULL,
  PRIMARY KEY (`id`),
  UNIQUE KEY `roles_name_guard_name_unique` (`name`,`guard_name`)
) ENGINE=InnoDB AUTO_INCREMENT=4 DEFAULT CHARSET=utf8mb4 COLLATE=utf8mb4_unicode_ci;
/*!40101 SET character_set_client = @saved_cs_client */;

--
-- Dumping data for table `roles`
--

LOCK TABLES `roles` WRITE;
/*!40000 ALTER TABLE `roles` DISABLE KEYS */;
INSERT INTO `roles` VALUES (1,'super_admin','web','2024-11-07 20:51:21','2024-11-07 20:51:21'),(2,'admin','web','2024-11-07 20:58:15','2024-11-08 08:44:06'),(3,'salesman','web','2024-11-19 13:06:00','2024-11-19 13:06:00');
/*!40000 ALTER TABLE `roles` ENABLE KEYS */;
UNLOCK TABLES;

--
-- Table structure for table `sales`
--

DROP TABLE IF EXISTS `sales`;
/*!40101 SET @saved_cs_client     = @@character_set_client */;
/*!50503 SET character_set_client = utf8mb4 */;
CREATE TABLE `sales` (
  `id` bigint unsigned NOT NULL AUTO_INCREMENT,
  `customer_id` int NOT NULL,
  `user_id` int NOT NULL,
  `sale_event_id` varchar(255) COLLATE utf8mb4_unicode_ci NOT NULL COMMENT 'értékesítési esemény azonosító: SE-00000001',
  `sale_event_key` varchar(255) COLLATE utf8mb4_unicode_ci NOT NULL COMMENT 'értékesítési esemény kulcs: pl.: eB1xB7xBjpgn',
  `status` tinyint unsigned NOT NULL COMMENT 'feltöltés enumból: SalesStatus',
  `where_did_a_find_us` tinyint DEFAULT NULL COMMENT 'hol talált ránk?, feltöltés enumból: WhereDidAFindUs',
  `what_are_you_interested_in` longtext COLLATE utf8mb4_unicode_ci COMMENT 'mi iránt érdeklődik?',
  `failed_transaction_status` tinyint unsigned DEFAULT NULL COMMENT 'sikertelen ügylet státusz',
  `description_of_failed_transaction` longtext COLLATE utf8mb4_unicode_ci COMMENT 'elvesztés okának leírása',
  `sale_evaluation` tinyint unsigned DEFAULT NULL COMMENT 'Értékesítés értékelése 0-9: feltöltés enumból: SalesEvaluationStatus',
  `satisfaction_survey_id` varchar(255) COLLATE utf8mb4_unicode_ci DEFAULT NULL COMMENT 'elégedettségi felmérés kérdéscsomag azonosító: SA-00000001 vagy sA-UxEW0jGs',
  `backtracking_id` varchar(255) COLLATE utf8mb4_unicode_ci DEFAULT NULL COMMENT 'értékesítési felmérés válasz azonosító BA-00000001 vagy bA-UxEW0jGs',
  `created_at` timestamp NULL DEFAULT NULL,
  `updated_at` timestamp NULL DEFAULT NULL,
  `deleted_at` timestamp NULL DEFAULT NULL,
  PRIMARY KEY (`id`)
) ENGINE=InnoDB AUTO_INCREMENT=2 DEFAULT CHARSET=utf8mb4 COLLATE=utf8mb4_unicode_ci;
/*!40101 SET character_set_client = @saved_cs_client */;

--
-- Dumping data for table `sales`
--

LOCK TABLES `sales` WRITE;
/*!40000 ALTER TABLE `sales` DISABLE KEYS */;
INSERT INTO `sales` VALUES (1,1,1,'SE-0000001','A5D1YNw1MeVd',1,4,'Riasztórendszerek',NULL,NULL,NULL,NULL,NULL,'2024-11-15 18:17:16','2024-11-20 15:51:32',NULL);
/*!40000 ALTER TABLE `sales` ENABLE KEYS */;
UNLOCK TABLES;

--
-- Table structure for table `sessions`
--

DROP TABLE IF EXISTS `sessions`;
/*!40101 SET @saved_cs_client     = @@character_set_client */;
/*!50503 SET character_set_client = utf8mb4 */;
CREATE TABLE `sessions` (
  `id` varchar(255) COLLATE utf8mb4_unicode_ci NOT NULL,
  `user_id` bigint unsigned DEFAULT NULL,
  `ip_address` varchar(45) COLLATE utf8mb4_unicode_ci DEFAULT NULL,
  `user_agent` text COLLATE utf8mb4_unicode_ci,
  `payload` longtext COLLATE utf8mb4_unicode_ci NOT NULL,
  `last_activity` int NOT NULL,
  PRIMARY KEY (`id`),
  KEY `sessions_user_id_index` (`user_id`),
  KEY `sessions_last_activity_index` (`last_activity`)
) ENGINE=InnoDB DEFAULT CHARSET=utf8mb4 COLLATE=utf8mb4_unicode_ci;
/*!40101 SET character_set_client = @saved_cs_client */;

--
-- Dumping data for table `sessions`
--

LOCK TABLES `sessions` WRITE;
/*!40000 ALTER TABLE `sessions` DISABLE KEYS */;
INSERT INTO `sessions` VALUES ('WpVk6WNmuyToxMH0er8Sa89HQWVVdzOpc7jwE3tt',1,'172.18.0.1','Mozilla/5.0 (Macintosh; Intel Mac OS X 10_15_7) AppleWebKit/537.36 (KHTML, like Gecko) Chrome/131.0.0.0 Safari/537.36','YTo3OntzOjY6Il90b2tlbiI7czo0MDoiRmtvVkxjYXJ6aEtIZGFlckdzRUUzVkllSWd4ZFdMUHNRcUlFWFpqQiI7czozOiJ1cmwiO2E6MDp7fXM6OToiX3ByZXZpb3VzIjthOjE6e3M6MzoidXJsIjtzOjQ3OiJodHRwOi8vbG9jYWxob3N0L2FkbWluL3Byb2R1Y3RzLzEvcHJvZHVjdHByaWNlcyI7fXM6NjoiX2ZsYXNoIjthOjI6e3M6Mzoib2xkIjthOjA6e31zOjM6Im5ldyI7YTowOnt9fXM6NTA6ImxvZ2luX3dlYl8zZGM3YTkxM2VmNWZkNGI4OTBlY2FiZTM0ODcwODU1NzNlMTZjZjgyIjtpOjE7czoxNzoicGFzc3dvcmRfaGFzaF93ZWIiO3M6NjA6IiQyeSQxMiRoejJJbHJOM1FxeU1hZVE1NUFMdEFPQTNpc3ZDZ2p2SlFhVnFTNHNPeGloWUhzWFYwM2xpaSI7czo4OiJmaWxhbWVudCI7YTowOnt9fQ==',1735934829),('ZefxsAx7ZYES1Oau0RlFGzFv6h42ObBgxITxRHFw',NULL,'172.18.0.1','Mozilla/5.0 (Linux; Android 8.0.0; SM-G955U Build/R16NW) AppleWebKit/537.36 (KHTML, like Gecko) Chrome/116.0.0.0 Mobile Safari/537.36','YTozOntzOjY6Il90b2tlbiI7czo0MDoiSEU4cGFtbXcxNExDUzh1clRJZzloRUJhZFB5TDM1b2J3Z1dLNzV3aCI7czo2OiJfZmxhc2giO2E6Mjp7czozOiJvbGQiO2E6MDp7fXM6MzoibmV3IjthOjA6e319czo5OiJfcHJldmlvdXMiO2E6MTp7czozOiJ1cmwiO3M6Mjg6Imh0dHA6Ly9sb2NhbGhvc3QvYWRtaW4vbG9naW4iO319',1736939277);
/*!40000 ALTER TABLE `sessions` ENABLE KEYS */;
UNLOCK TABLES;

--
-- Table structure for table `settlements`
--

DROP TABLE IF EXISTS `settlements`;
/*!40101 SET @saved_cs_client     = @@character_set_client */;
/*!50503 SET character_set_client = utf8mb4 */;
CREATE TABLE `settlements` (
  `id` bigint unsigned NOT NULL AUTO_INCREMENT,
  `zip_code` varchar(10) CHARACTER SET utf8mb4 COLLATE utf8mb4_general_ci DEFAULT NULL COMMENT 'irányítószám',
  `settlement` varchar(50) CHARACTER SET utf8mb4 COLLATE utf8mb4_general_ci DEFAULT NULL COMMENT 'település név',
  `created_at` timestamp NULL DEFAULT NULL,
  `updated_at` timestamp NULL DEFAULT NULL,
  `deleted_at` timestamp NULL DEFAULT NULL,
  PRIMARY KEY (`id`)
) ENGINE=MyISAM AUTO_INCREMENT=3331 DEFAULT CHARSET=utf8mb3;
/*!40101 SET character_set_client = @saved_cs_client */;

--
-- Dumping data for table `settlements`
--

LOCK TABLES `settlements` WRITE;
/*!40000 ALTER TABLE `settlements` DISABLE KEYS */;
INSERT INTO `settlements` VALUES (1,'2000','Szentendre',NULL,'2024-11-20 14:57:57',NULL),(2,'2009','Pilisszentlászló',NULL,NULL,NULL),(3,'2011','Budakalász',NULL,NULL,NULL),(4,'2013','Pomáz',NULL,NULL,NULL),(5,'2014','Csobánka',NULL,NULL,NULL),(6,'2015','Szigetmonostor',NULL,NULL,NULL),(7,'2016','Leányfalu',NULL,NULL,NULL),(8,'2017','Pócsmegyer',NULL,NULL,NULL),(9,'2021','Tahitótfalu, Tótfalu',NULL,NULL,NULL),(10,'2022','Tahitótfalu, Tahi',NULL,NULL,NULL),(11,'2023','Dunabogdány',NULL,NULL,NULL),(12,'2024','Kisoroszi',NULL,NULL,NULL),(13,'2025','Visegrád',NULL,NULL,NULL),(14,'2026','Visegrád, Gizellatelep',NULL,NULL,NULL),(15,'2027','Dömös',NULL,NULL,NULL),(16,'2028','Pilismarót',NULL,NULL,NULL),(17,'2030','Érd',NULL,NULL,NULL),(18,'2038','Sóskút',NULL,NULL,NULL),(19,'2039','Pusztazámor',NULL,NULL,NULL),(20,'2040','Budaörs',NULL,NULL,NULL),(21,'2045','Törökbálint',NULL,NULL,NULL),(22,'2049','Diósd',NULL,NULL,NULL),(23,'2051','Biatorbágy',NULL,NULL,NULL),(24,'2053','Herceghalom',NULL,NULL,NULL),(25,'2060','Bicske',NULL,NULL,NULL),(26,'2063','Óbarok',NULL,NULL,NULL),(27,'2064','Csabdi',NULL,NULL,NULL),(28,'2065','Mány',NULL,NULL,NULL),(29,'2066','Szár',NULL,NULL,NULL),(30,'2066','Újbarok',NULL,NULL,NULL),(31,'2067','Szárliget',NULL,NULL,NULL),(32,'2071','Páty',NULL,NULL,NULL),(33,'2072','Zsámbék',NULL,NULL,NULL),(34,'2073','Tök',NULL,NULL,NULL),(35,'2074','Perbál',NULL,NULL,NULL),(36,'2080','Pilisjászfalu ',NULL,NULL,NULL),(37,'2081','Piliscsaba ',NULL,NULL,NULL),(38,'2083','Solymár',NULL,NULL,NULL),(39,'2084','Pilisszentiván',NULL,NULL,NULL),(40,'2085','Pilisvörösvár',NULL,NULL,NULL),(41,'2086','Tinnye',NULL,NULL,NULL),(42,'2089','Telki',NULL,NULL,NULL),(43,'2090','Remeteszőlős',NULL,NULL,NULL),(44,'2091','Etyek',NULL,NULL,NULL),(45,'2092','Budakeszi',NULL,NULL,NULL),(46,'2093','Budajenő',NULL,NULL,NULL),(47,'2094','Nagykovácsi',NULL,NULL,NULL),(48,'2095','Pilisszántó',NULL,NULL,NULL),(49,'2096','Üröm',NULL,NULL,NULL),(50,'2097','Pilisborosjenő',NULL,NULL,NULL),(51,'2098','Pilisszentkereszt',NULL,NULL,NULL),(52,'2099','Pilisszentkereszt, Dobogókő',NULL,NULL,NULL),(53,'2100','Gödöllő',NULL,NULL,NULL),(54,'2111','Szada',NULL,NULL,NULL),(55,'2112','Veresegyház',NULL,NULL,NULL),(56,'2113','Erdőkertes',NULL,NULL,NULL),(57,'2114','Valkó',NULL,NULL,NULL),(58,'2115','Vácszentlászló',NULL,NULL,NULL),(59,'2116','Zsámbok',NULL,NULL,NULL),(60,'2117','Isaszeg',NULL,NULL,NULL),(61,'2118','Dány',NULL,NULL,NULL),(62,'2119','Pécel',NULL,NULL,NULL),(63,'2120','Dunakeszi',NULL,NULL,NULL),(64,'2131','Göd, Alsógöd',NULL,NULL,NULL),(65,'2132','Göd, Felsőgöd',NULL,NULL,NULL),(66,'2133','Sződliget',NULL,NULL,NULL),(67,'2134','Sződ',NULL,NULL,NULL),(68,'2135','Csörög',NULL,NULL,NULL),(69,'2141','Csömör',NULL,NULL,NULL),(70,'2142','Nagytarcsa',NULL,NULL,NULL),(71,'2143','Kistarcsa',NULL,NULL,NULL),(72,'2144','Kerepes ',NULL,NULL,NULL),(73,'2145','Kerepes, Szilasliget',NULL,NULL,NULL),(74,'2146','Mogyoród',NULL,NULL,NULL),(75,'2151','Fót',NULL,NULL,NULL),(76,'2161','Csomád',NULL,NULL,NULL),(77,'2162','Őrbottyán',NULL,NULL,NULL),(78,'2163','Vácrátót',NULL,NULL,NULL),(79,'2164','Váchartyán',NULL,NULL,NULL),(80,'2165','Kisnémedi',NULL,NULL,NULL),(81,'2166','Püspökszilágy',NULL,NULL,NULL),(82,'2167','Vácduka',NULL,NULL,NULL),(83,'2170','Aszód',NULL,NULL,NULL),(84,'2173','Kartal',NULL,NULL,NULL),(85,'2174','Verseg',NULL,NULL,NULL),(86,'2175','Kálló',NULL,NULL,NULL),(87,'2176','Erdőkürt',NULL,NULL,NULL),(88,'2177','Erdőtarcsa',NULL,NULL,NULL),(89,'2181','Iklad',NULL,NULL,NULL),(90,'2182','Domony',NULL,NULL,NULL),(91,'2183','Galgamácsa',NULL,NULL,NULL),(92,'2184','Vácegres',NULL,NULL,NULL),(93,'2185','Váckisújfalu',NULL,NULL,NULL),(94,'2191','Bag',NULL,NULL,NULL),(95,'2192','Hévízgyörk',NULL,NULL,NULL),(96,'2193','Galgahévíz',NULL,NULL,NULL),(97,'2194','Tura',NULL,NULL,NULL),(98,'2200','Monor',NULL,NULL,NULL),(99,'2209','Péteri',NULL,NULL,NULL),(100,'2211','Vasad',NULL,NULL,NULL),(101,'2212','Csévharaszt',NULL,NULL,NULL),(102,'2213','Monorierdő',NULL,NULL,NULL),(103,'2214','Pánd',NULL,NULL,NULL),(104,'2215','Káva',NULL,NULL,NULL),(105,'2216','Bénye',NULL,NULL,NULL),(106,'2217','Gomba',NULL,NULL,NULL),(107,'2220','Vecsés',NULL,NULL,NULL),(108,'2225','Üllő',NULL,NULL,NULL),(109,'2230','Gyömrő',NULL,NULL,NULL),(110,'2233','Ecser',NULL,NULL,NULL),(111,'2234','Maglód',NULL,NULL,NULL),(112,'2235','Mende',NULL,NULL,NULL),(113,'2241','Sülysáp  ',NULL,NULL,NULL),(114,'2243','Kóka',NULL,NULL,NULL),(115,'2244','Úri',NULL,NULL,NULL),(116,'2251','Tápiószecső',NULL,NULL,NULL),(117,'2252','Tóalmás',NULL,NULL,NULL),(118,'2253','Tápióság',NULL,NULL,NULL),(119,'2254','Szentmártonkáta',NULL,NULL,NULL),(120,'2255','Szentlőrinckáta',NULL,NULL,NULL),(121,'2300','Ráckeve',NULL,NULL,NULL),(122,'2309','Lórév',NULL,NULL,NULL),(123,'2310','Szigetszentmiklós',NULL,NULL,NULL),(124,'2314','Halásztelek',NULL,NULL,NULL),(125,'2315','Szigethalom',NULL,NULL,NULL),(126,'2316','Tököl',NULL,NULL,NULL),(127,'2317','Szigetcsép',NULL,NULL,NULL),(128,'2318','Szigetszentmárton',NULL,NULL,NULL),(129,'2319','Szigetújfalu',NULL,NULL,NULL),(130,'2321','Szigetbecse',NULL,NULL,NULL),(131,'2322','Makád',NULL,NULL,NULL),(132,'2330','Dunaharaszti',NULL,NULL,NULL),(133,'2335','Taksony',NULL,NULL,NULL),(134,'2336','Dunavarsány',NULL,NULL,NULL),(135,'2337','Délegyháza',NULL,NULL,NULL),(136,'2338','Áporka',NULL,NULL,NULL),(137,'2339','Majosháza',NULL,NULL,NULL),(138,'2340','Kiskunlacháza',NULL,NULL,NULL),(139,'2344','Dömsöd',NULL,NULL,NULL),(140,'2345','Apaj',NULL,NULL,NULL),(141,'2347','Bugyi',NULL,NULL,NULL),(142,'2351','Alsónémedi',NULL,NULL,NULL),(143,'2360','Gyál',NULL,NULL,NULL),(144,'2363','Felsőpakony',NULL,NULL,NULL),(145,'2364','Ócsa',NULL,NULL,NULL),(146,'2365','Inárcs',NULL,NULL,NULL),(147,'2366','Kakucs',NULL,NULL,NULL),(148,'2367','Újhartyán',NULL,NULL,NULL),(149,'2370','Dabas',NULL,NULL,NULL),(150,'2371','Dabas, Sári',NULL,NULL,NULL),(151,'2373','Dabas, Gyón',NULL,NULL,NULL),(152,'2375','Tatárszentgyörgy',NULL,NULL,NULL),(153,'2376','Hernád',NULL,NULL,NULL),(154,'2377','Örkény',NULL,NULL,NULL),(155,'2378','Pusztavacs',NULL,NULL,NULL),(156,'2381','Táborfalva',NULL,NULL,NULL),(157,'2400','Dunaújváros',NULL,NULL,NULL),(158,'2407','Dunaújváros, Pálhalma',NULL,NULL,NULL),(159,'2421','Nagyvenyim',NULL,NULL,NULL),(160,'2422','Mezőfalva',NULL,NULL,NULL),(161,'2423','Daruszentmiklós',NULL,NULL,NULL),(162,'2424','Előszállás',NULL,NULL,NULL),(163,'2425','Nagykarácsony',NULL,NULL,NULL),(164,'2426','Baracs ',NULL,NULL,NULL),(165,'2427','Baracs, Apátszállás',NULL,NULL,NULL),(166,'2428','Kisapostag',NULL,NULL,NULL),(167,'2431','Perkáta',NULL,NULL,NULL),(168,'2432','Szabadegyháza',NULL,NULL,NULL),(169,'2433','Sárosd',NULL,NULL,NULL),(170,'2434','Hantos',NULL,NULL,NULL),(171,'2435','Nagylók',NULL,NULL,NULL),(172,'2440','Százhalombatta',NULL,NULL,NULL),(173,'2451','Ercsi ',NULL,NULL,NULL),(174,'2453','Ercsi, Sinatelep',NULL,NULL,NULL),(175,'2454','Iváncsa',NULL,NULL,NULL),(176,'2455','Beloiannisz',NULL,NULL,NULL),(177,'2456','Besnyő',NULL,NULL,NULL),(178,'2457','Adony',NULL,NULL,NULL),(179,'2458','Kulcs',NULL,NULL,NULL),(180,'2459','Rácalmás',NULL,NULL,NULL),(181,'2461','Tárnok',NULL,NULL,NULL),(182,'2462','Martonvásár',NULL,NULL,NULL),(183,'2463','Tordas',NULL,NULL,NULL),(184,'2464','Gyúró',NULL,NULL,NULL),(185,'2465','Ráckeresztúr',NULL,NULL,NULL),(186,'2471','Baracska',NULL,NULL,NULL),(187,'2472','Kajászó',NULL,NULL,NULL),(188,'2473','Vál',NULL,NULL,NULL),(189,'2475','Kápolnásnyék',NULL,NULL,NULL),(190,'2476','Pázmánd',NULL,NULL,NULL),(191,'2477','Vereb',NULL,NULL,NULL),(192,'2481','Velence ',NULL,NULL,NULL),(193,'2483','Gárdony ',NULL,NULL,NULL),(194,'2484','Gárdony, Agárd',NULL,NULL,NULL),(195,'2485','Gárdony, Dinnyés',NULL,NULL,NULL),(196,'2490','Pusztaszabolcs',NULL,NULL,NULL),(197,'2500','Esztergom',NULL,NULL,NULL),(198,'2508','Esztergom, Pilisszentlélek',NULL,NULL,NULL),(199,'2509','Esztergom, Kertváros',NULL,NULL,NULL),(200,'2510','Dorog',NULL,NULL,NULL),(201,'2517','Kesztölc',NULL,NULL,NULL),(202,'2518','Leányvár',NULL,NULL,NULL),(203,'2519','Piliscsév',NULL,NULL,NULL),(204,'2521','Csolnok',NULL,NULL,NULL),(205,'2522','Dág',NULL,NULL,NULL),(206,'2523','Sárisáp',NULL,NULL,NULL),(207,'2524','Nagysáp',NULL,NULL,NULL),(208,'2525','Bajna',NULL,NULL,NULL),(209,'2526','Epöl',NULL,NULL,NULL),(210,'2527','Máriahalom',NULL,NULL,NULL),(211,'2528','Úny',NULL,NULL,NULL),(212,'2529','Annavölgy',NULL,NULL,NULL),(213,'2531','Tokod ',NULL,NULL,NULL),(214,'2532','Tokodaltáró',NULL,NULL,NULL),(215,'2533','Bajót',NULL,NULL,NULL),(216,'2534','Tát',NULL,NULL,NULL),(217,'2535','Mogyorósbánya',NULL,NULL,NULL),(218,'2536','Nyergesújfalu ',NULL,NULL,NULL),(219,'2541','Lábatlan ',NULL,NULL,NULL),(220,'2543','Süttő',NULL,NULL,NULL),(221,'2544','Neszmély',NULL,NULL,NULL),(222,'2545','Dunaalmás',NULL,NULL,NULL),(223,'2600','Vác',NULL,NULL,NULL),(224,'2610','Nőtincs',NULL,NULL,NULL),(225,'2610','Ősagárd',NULL,NULL,NULL),(226,'2611','Felsőpetény',NULL,NULL,NULL),(227,'2612','Kosd',NULL,NULL,NULL),(228,'2613','Rád',NULL,NULL,NULL),(229,'2614','Penc',NULL,NULL,NULL),(230,'2615','Csővár',NULL,NULL,NULL),(231,'2616','Keszeg',NULL,NULL,NULL),(232,'2617','Alsópetény',NULL,NULL,NULL),(233,'2618','Nézsa',NULL,NULL,NULL),(234,'2619','Legénd',NULL,NULL,NULL),(235,'2621','Verőce',NULL,NULL,NULL),(236,'2623','Kismaros',NULL,NULL,NULL),(237,'2624','Szokolya',NULL,NULL,NULL),(238,'2625','Kóspallag',NULL,NULL,NULL),(239,'2626','Nagymaros',NULL,NULL,NULL),(240,'2627','Zebegény',NULL,NULL,NULL),(241,'2628','Szob',NULL,NULL,NULL),(242,'2629','Márianosztra',NULL,NULL,NULL),(243,'2631','Ipolydamásd',NULL,NULL,NULL),(244,'2632','Letkés',NULL,NULL,NULL),(245,'2633','Ipolytölgyes',NULL,NULL,NULL),(246,'2634','Nagybörzsöny',NULL,NULL,NULL),(247,'2635','Vámosmikola',NULL,NULL,NULL),(248,'2636','Tésa',NULL,NULL,NULL),(249,'2637','Perőcsény',NULL,NULL,NULL),(250,'2638','Kemence',NULL,NULL,NULL),(251,'2639','Bernecebaráti',NULL,NULL,NULL),(252,'2640','Szendehely',NULL,NULL,NULL),(253,'2641','Berkenye',NULL,NULL,NULL),(254,'2642','Nógrád',NULL,NULL,NULL),(255,'2643','Diósjenő',NULL,NULL,NULL),(256,'2644','Borsosberény',NULL,NULL,NULL),(257,'2645','Nagyoroszi',NULL,NULL,NULL),(258,'2646','Drégelypalánk',NULL,NULL,NULL),(259,'2647','Hont',NULL,NULL,NULL),(260,'2648','Patak',NULL,NULL,NULL),(261,'2649','Dejtár',NULL,NULL,NULL),(262,'2651','Rétság',NULL,NULL,NULL),(263,'2652','Tereske',NULL,NULL,NULL),(264,'2653','Bánk',NULL,NULL,NULL),(265,'2654','Romhány',NULL,NULL,NULL),(266,'2655','Kétbodony',NULL,NULL,NULL),(267,'2655','Kisecset',NULL,NULL,NULL),(268,'2655','Szente',NULL,NULL,NULL),(269,'2656','Szátok',NULL,NULL,NULL),(270,'2657','Tolmács',NULL,NULL,NULL),(271,'2658','Horpács',NULL,NULL,NULL),(272,'2658','Pusztaberki',NULL,NULL,NULL),(273,'2659','Érsekvadkert',NULL,NULL,NULL),(274,'2660','Balassagyarmat',NULL,NULL,NULL),(275,'2660','Ipolyszög',NULL,NULL,NULL),(276,'2668','Patvarc',NULL,NULL,NULL),(277,'2669','Ipolyvece',NULL,NULL,NULL),(278,'2671','Őrhalom',NULL,NULL,NULL),(279,'2672','Hugyag',NULL,NULL,NULL),(280,'2673','Csitár',NULL,NULL,NULL),(281,'2674','Iliny',NULL,NULL,NULL),(282,'2675','Nógrádmarcal',NULL,NULL,NULL),(283,'2676','Cserhátsurány',NULL,NULL,NULL),(284,'2677','Herencsény',NULL,NULL,NULL),(285,'2678','Csesztve',NULL,NULL,NULL),(286,'2681','Galgagyörk',NULL,NULL,NULL),(287,'2682','Püspökhatvan',NULL,NULL,NULL),(288,'2683','Acsa',NULL,NULL,NULL),(289,'2685','Nógrádsáp',NULL,NULL,NULL),(290,'2686','Galgaguta',NULL,NULL,NULL),(291,'2687','Bercel',NULL,NULL,NULL),(292,'2688','Vanyarc',NULL,NULL,NULL),(293,'2691','Nógrádkövesd',NULL,NULL,NULL),(294,'2692','Szécsénke',NULL,NULL,NULL),(295,'2693','Becske',NULL,NULL,NULL),(296,'2694','Magyarnándor',NULL,NULL,NULL),(297,'2694','Cserháthaláp',NULL,NULL,NULL),(298,'2694','Debercsény',NULL,NULL,NULL),(299,'2696','Terény',NULL,NULL,NULL),(300,'2697','Szanda',NULL,NULL,NULL),(301,'2698','Mohora',NULL,NULL,NULL),(302,'2699','Szügy',NULL,NULL,NULL),(303,'2700','Cegléd',NULL,NULL,NULL),(304,'2711','Tápiószentmárton',NULL,NULL,NULL),(305,'2712','Nyársapát',NULL,NULL,NULL),(306,'2713','Csemő',NULL,NULL,NULL),(307,'2721','Pilis',NULL,NULL,NULL),(308,'2723','Nyáregyháza',NULL,NULL,NULL),(309,'2724','Újlengyel',NULL,NULL,NULL),(310,'2730','Albertirsa',NULL,NULL,NULL),(311,'2735','Dánszentmiklós',NULL,NULL,NULL),(312,'2736','Mikebuda',NULL,NULL,NULL),(313,'2737','Ceglédbercel',NULL,NULL,NULL),(314,'2738','Cegléd, Budai út',NULL,NULL,NULL),(315,'2740','Abony',NULL,NULL,NULL),(316,'2745','Kőröstetétlen',NULL,NULL,NULL),(317,'2746','Jászkarajenő',NULL,NULL,NULL),(318,'2747','Törtel',NULL,NULL,NULL),(319,'2750','Nagykőrös',NULL,NULL,NULL),(320,'2755','Kocsér',NULL,NULL,NULL),(321,'2760','Nagykáta',NULL,NULL,NULL),(322,'2764','Tápióbicske',NULL,NULL,NULL),(323,'2765','Farmos',NULL,NULL,NULL),(324,'2766','Tápiószele',NULL,NULL,NULL),(325,'2767','Tápiógyörgye',NULL,NULL,NULL),(326,'2768','Újszilvás',NULL,NULL,NULL),(327,'2769','Tápiószőlős',NULL,NULL,NULL),(328,'2800','Tatabánya',NULL,NULL,NULL),(329,'2821','Gyermely',NULL,NULL,NULL),(330,'2822','Szomor',NULL,NULL,NULL),(331,'2823','Vértessomló',NULL,NULL,NULL),(332,'2824','Várgesztes',NULL,NULL,NULL),(333,'2831','Tarján',NULL,NULL,NULL),(334,'2832','Héreg',NULL,NULL,NULL),(335,'2833','Vértestolna',NULL,NULL,NULL),(336,'2834','Tardos',NULL,NULL,NULL),(337,'2835','Tata, Agostyán',NULL,NULL,NULL),(338,'2836','Baj',NULL,NULL,NULL),(339,'2837','Vértesszőlős',NULL,NULL,NULL),(340,'2840','Oroszlány',NULL,NULL,NULL),(341,'2851','Környe',NULL,NULL,NULL),(342,'2852','Kecskéd',NULL,NULL,NULL),(343,'2853','Kömlőd',NULL,NULL,NULL),(344,'2854','Dad',NULL,NULL,NULL),(345,'2855','Bokod',NULL,NULL,NULL),(346,'2856','Szákszend',NULL,NULL,NULL),(347,'2858','Császár',NULL,NULL,NULL),(348,'2859','Vérteskethely',NULL,NULL,NULL),(349,'2861','Bakonysárkány',NULL,NULL,NULL),(350,'2862','Aka',NULL,NULL,NULL),(351,'2870','Kisbér',NULL,NULL,NULL),(352,'2879','Kisbér, Hánta',NULL,NULL,NULL),(353,'2881','Ászár',NULL,NULL,NULL),(354,'2882','Kerékteleki',NULL,NULL,NULL),(355,'2883','Bársonyos',NULL,NULL,NULL),(356,'2884','Bakonyszombathely',NULL,NULL,NULL),(357,'2885','Bakonybánk',NULL,NULL,NULL),(358,'2886','Réde',NULL,NULL,NULL),(359,'2887','Ácsteszér',NULL,NULL,NULL),(360,'2888','Csatka',NULL,NULL,NULL),(361,'2889','Súr',NULL,NULL,NULL),(362,'2890','Tata',NULL,NULL,NULL),(363,'2896','Szomód',NULL,NULL,NULL),(364,'2897','Dunaszentmiklós',NULL,NULL,NULL),(365,'2898','Kocs',NULL,NULL,NULL),(366,'2899','Naszály',NULL,NULL,NULL),(367,'2900','Komárom',NULL,NULL,NULL),(368,'2903','Komárom, Koppánymonostor',NULL,NULL,NULL),(369,'2911','Mocsa',NULL,NULL,NULL),(370,'2921','Komárom, Szőny',NULL,NULL,NULL),(371,'2931','Almásfüzitő ',NULL,NULL,NULL),(372,'2941','Ács',NULL,NULL,NULL),(373,'2942','Nagyigmánd',NULL,NULL,NULL),(374,'2943','Bábolna',NULL,NULL,NULL),(375,'2943','Tárkány, Ölbőpuszta',NULL,NULL,NULL),(376,'2944','Bana',NULL,NULL,NULL),(377,'2945','Tárkány',NULL,NULL,NULL),(378,'2946','Csép',NULL,NULL,NULL),(379,'2947','Ete',NULL,NULL,NULL),(380,'2948','Kisigmánd',NULL,NULL,NULL),(381,'2949','Csém',NULL,NULL,NULL),(382,'3000','Hatvan',NULL,NULL,NULL),(383,'3009','Kerekharaszt',NULL,NULL,NULL),(384,'3011','Heréd',NULL,NULL,NULL),(385,'3012','Nagykökényes',NULL,NULL,NULL),(386,'3013','Ecséd',NULL,NULL,NULL),(387,'3014','Hort',NULL,NULL,NULL),(388,'3015','Csány',NULL,NULL,NULL),(389,'3016','Boldog',NULL,NULL,NULL),(390,'3021','Lőrinci ',NULL,NULL,NULL),(391,'3022','Lőrinci, Mátravidéki erőmű',NULL,NULL,NULL),(392,'3023','Petőfibánya',NULL,NULL,NULL),(393,'3024','Lőrinci, Selyp',NULL,NULL,NULL),(394,'3031','Zagyvaszántó',NULL,NULL,NULL),(395,'3032','Apc',NULL,NULL,NULL),(396,'3033','Rózsaszentmárton',NULL,NULL,NULL),(397,'3034','Szűcsi',NULL,NULL,NULL),(398,'3035','Gyöngyöspata',NULL,NULL,NULL),(399,'3036','Gyöngyöstarján',NULL,NULL,NULL),(400,'3041','Héhalom',NULL,NULL,NULL),(401,'3042','Palotás',NULL,NULL,NULL),(402,'3043','Egyházasdengeleg',NULL,NULL,NULL),(403,'3044','Szirák',NULL,NULL,NULL),(404,'3045','Bér',NULL,NULL,NULL),(405,'3046','Kisbágyon',NULL,NULL,NULL),(406,'3047','Buják',NULL,NULL,NULL),(407,'3051','Szarvasgede',NULL,NULL,NULL),(408,'3052','Csécse',NULL,NULL,NULL),(409,'3053','Ecseg',NULL,NULL,NULL),(410,'3053','Kozárd',NULL,NULL,NULL),(411,'3060','Pásztó',NULL,NULL,NULL),(412,'3063','Jobbágyi',NULL,NULL,NULL),(413,'3064','Szurdokpüspöki',NULL,NULL,NULL),(414,'3065','Pásztó, Hasznos',NULL,NULL,NULL),(415,'3066','Cserhátszentiván',NULL,NULL,NULL),(416,'3066','Bokor',NULL,NULL,NULL),(417,'3066','Kutasó',NULL,NULL,NULL),(418,'3067','Felsőtold',NULL,NULL,NULL),(419,'3067','Garáb',NULL,NULL,NULL),(420,'3068','Mátraszőlős',NULL,NULL,NULL),(421,'3069','Alsótold',NULL,NULL,NULL),(422,'3070','Bátonyterenye',NULL,NULL,NULL),(423,'3073','Tar',NULL,NULL,NULL),(424,'3074','Sámsonháza',NULL,NULL,NULL),(425,'3075','Nagybárkány',NULL,NULL,NULL),(426,'3075','Kisbárkány',NULL,NULL,NULL),(427,'3075','Márkháza',NULL,NULL,NULL),(428,'3077','Mátraverebély',NULL,NULL,NULL),(429,'3078','Bátonyterenye, Kisterenye',NULL,NULL,NULL),(430,'3082','Pásztó, Mátrakeresztes',NULL,NULL,NULL),(431,'3100','Salgótarján',NULL,NULL,NULL),(432,'3102','Salgótarján, Baglyasalja',NULL,NULL,NULL),(433,'3104','Salgótarján, Zagyvapálfalva',NULL,NULL,NULL),(434,'3109','Salgótarján, Salgóbánya',NULL,NULL,NULL),(435,'3121','Somoskőújfalu',NULL,NULL,NULL),(436,'3123','Cered',NULL,NULL,NULL),(437,'3124','Zabar',NULL,NULL,NULL),(438,'3125','Szilaspogony',NULL,NULL,NULL),(439,'3126','Bárna',NULL,NULL,NULL),(440,'3127','Kazár',NULL,NULL,NULL),(441,'3128','Vizslás',NULL,NULL,NULL),(442,'3129','Lucfalva',NULL,NULL,NULL),(443,'3129','Nagykeresztúr',NULL,NULL,NULL),(444,'3131','Sóshartyán',NULL,NULL,NULL),(445,'3132','Nógrádmegyer',NULL,NULL,NULL),(446,'3133','Magyargéc',NULL,NULL,NULL),(447,'3134','Piliny',NULL,NULL,NULL),(448,'3135','Szécsényfelfalu',NULL,NULL,NULL),(449,'3136','Etes',NULL,NULL,NULL),(450,'3137','Karancsberény',NULL,NULL,NULL),(451,'3138','Ipolytarnóc',NULL,NULL,NULL),(452,'3141','Salgótarján, Zagyvaróna',NULL,NULL,NULL),(453,'3142','Mátraszele',NULL,NULL,NULL),(454,'3143','Mátranovák',NULL,NULL,NULL),(455,'3144','Mátranovák, Bányatelep',NULL,NULL,NULL),(456,'3145','Mátraterenye, Homokterenye',NULL,NULL,NULL),(457,'3146','Mátraterenye, Nádújfalu',NULL,NULL,NULL),(458,'3147','Kazár, Mizserfa',NULL,NULL,NULL),(459,'3151','Rákóczibánya',NULL,NULL,NULL),(460,'3152','Nemti',NULL,NULL,NULL),(461,'3153','Dorogháza',NULL,NULL,NULL),(462,'3154','Szuha',NULL,NULL,NULL),(463,'3155','Mátramindszent',NULL,NULL,NULL),(464,'3161','Kishartyán',NULL,NULL,NULL),(465,'3162','Ságújfalu',NULL,NULL,NULL),(466,'3163','Karancsság',NULL,NULL,NULL),(467,'3163','Szalmatercs',NULL,NULL,NULL),(468,'3165','Endrefalva',NULL,NULL,NULL),(469,'3170','Szécsény',NULL,NULL,NULL),(470,'3175','Nagylóc',NULL,NULL,NULL),(471,'3176','Hollókő',NULL,NULL,NULL),(472,'3177','Rimóc',NULL,NULL,NULL),(473,'3178','Varsány',NULL,NULL,NULL),(474,'3179','Nógrádsipek',NULL,NULL,NULL),(475,'3181','Karancsalja',NULL,NULL,NULL),(476,'3182','Karancslapujtő',NULL,NULL,NULL),(477,'3183','Karancskeszi',NULL,NULL,NULL),(478,'3184','Mihálygerge',NULL,NULL,NULL),(479,'3185','Egyházasgerge',NULL,NULL,NULL),(480,'3186','Litke',NULL,NULL,NULL),(481,'3187','Nógrádszakál',NULL,NULL,NULL),(482,'3188','Ludányhalászi',NULL,NULL,NULL),(483,'3200','Gyöngyös',NULL,NULL,NULL),(484,'3211','Gyöngyösoroszi',NULL,NULL,NULL),(485,'3212','Gyöngyöshalász',NULL,NULL,NULL),(486,'3213','Atkár',NULL,NULL,NULL),(487,'3214','Nagyréde',NULL,NULL,NULL),(488,'3221','Gyöngyös, Kékestető',NULL,NULL,NULL),(489,'3231','Gyöngyössolymos',NULL,NULL,NULL),(490,'3232','Gyöngyös, Mátrafüred',NULL,NULL,NULL),(491,'3233','Gyöngyös, Mátraháza',NULL,NULL,NULL),(492,'3234','Mátraszentimre, Galyatető',NULL,NULL,NULL),(493,'3235','Mátraszentimre',NULL,NULL,NULL),(494,'3240','Parád',NULL,NULL,NULL),(495,'3242','Parádsasvár',NULL,NULL,NULL),(496,'3243','Bodony',NULL,NULL,NULL),(497,'3245','Recsk',NULL,NULL,NULL),(498,'3246','Mátraderecske',NULL,NULL,NULL),(499,'3247','Mátraballa',NULL,NULL,NULL),(500,'3248','Ivád',NULL,NULL,NULL),(501,'3250','Pétervására',NULL,NULL,NULL),(502,'3252','Erdőkövesd',NULL,NULL,NULL),(503,'3253','Istenmezeje',NULL,NULL,NULL),(504,'3254','Váraszó',NULL,NULL,NULL),(505,'3255','Fedémes',NULL,NULL,NULL),(506,'3256','Kisfüzes',NULL,NULL,NULL),(507,'3257','Bükkszenterzsébet',NULL,NULL,NULL),(508,'3258','Tarnalelesz',NULL,NULL,NULL),(509,'3259','Szentdomonkos',NULL,NULL,NULL),(510,'3261','Abasár',NULL,NULL,NULL),(511,'3261','Pálosvörösmart',NULL,NULL,NULL),(512,'3262','Markaz',NULL,NULL,NULL),(513,'3263','Domoszló',NULL,NULL,NULL),(514,'3264','Kisnána',NULL,NULL,NULL),(515,'3265','Vécs',NULL,NULL,NULL),(516,'3271','Visonta ',NULL,NULL,NULL),(517,'3272','Visonta, Mátrai Erőmű',NULL,NULL,NULL),(518,'3273','Halmajugra',NULL,NULL,NULL),(519,'3274','Ludas',NULL,NULL,NULL),(520,'3275','Detk',NULL,NULL,NULL),(521,'3281','Karácsond',NULL,NULL,NULL),(522,'3282','Nagyfüged',NULL,NULL,NULL),(523,'3283','Tarnazsadány',NULL,NULL,NULL),(524,'3284','Tarnaméra',NULL,NULL,NULL),(525,'3291','Vámosgyörk',NULL,NULL,NULL),(526,'3292','Adács',NULL,NULL,NULL),(527,'3293','Visznek',NULL,NULL,NULL),(528,'3294','Tarnaörs',NULL,NULL,NULL),(529,'3295','Erk',NULL,NULL,NULL),(530,'3296','Zaránk',NULL,NULL,NULL),(531,'3300','Eger',NULL,NULL,NULL),(532,'3321','Egerbakta',NULL,NULL,NULL),(533,'3322','Hevesaranyos',NULL,NULL,NULL),(534,'3323','Szarvaskő',NULL,NULL,NULL),(535,'3324','Felsőtárkány',NULL,NULL,NULL),(536,'3325','Noszvaj',NULL,NULL,NULL),(537,'3326','Ostoros',NULL,NULL,NULL),(538,'3327','Novaj',NULL,NULL,NULL),(539,'3328','Egerszólát',NULL,NULL,NULL),(540,'3331','Tarnaszentmária',NULL,NULL,NULL),(541,'3332','Sirok',NULL,NULL,NULL),(542,'3333','Terpes',NULL,NULL,NULL),(543,'3334','Szajla',NULL,NULL,NULL),(544,'3335','Bükkszék',NULL,NULL,NULL),(545,'3336','Bátor',NULL,NULL,NULL),(546,'3337','Egerbocs',NULL,NULL,NULL),(547,'3341','Egercsehi',NULL,NULL,NULL),(548,'3341','Szúcs',NULL,NULL,NULL),(549,'3343','Bekölce',NULL,NULL,NULL),(550,'3344','Mikófalva',NULL,NULL,NULL),(551,'3345','Mónosbél',NULL,NULL,NULL),(552,'3346','Bélapátfalva',NULL,NULL,NULL),(553,'3346','Bükkszentmárton',NULL,NULL,NULL),(554,'3347','Balaton',NULL,NULL,NULL),(555,'3348','Szilvásvárad',NULL,NULL,NULL),(556,'3349','Nagyvisnyó',NULL,NULL,NULL),(557,'3350','Kál',NULL,NULL,NULL),(558,'3351','Verpelét',NULL,NULL,NULL),(559,'3352','Feldebrő',NULL,NULL,NULL),(560,'3353','Aldebrő',NULL,NULL,NULL),(561,'3354','Tófalu',NULL,NULL,NULL),(562,'3355','Kápolna',NULL,NULL,NULL),(563,'3356','Kompolt',NULL,NULL,NULL),(564,'3357','Nagyút',NULL,NULL,NULL),(565,'3358','Erdőtelek',NULL,NULL,NULL),(566,'3359','Tenk',NULL,NULL,NULL),(567,'3360','Heves',NULL,NULL,NULL),(568,'3368','Boconád',NULL,NULL,NULL),(569,'3369','Tarnabod',NULL,NULL,NULL),(570,'3371','Átány',NULL,NULL,NULL),(571,'3372','Kömlő',NULL,NULL,NULL),(572,'3373','Besenyőtelek',NULL,NULL,NULL),(573,'3374','Dormánd',NULL,NULL,NULL),(574,'3375','Mezőtárkány',NULL,NULL,NULL),(575,'3377','Szihalom',NULL,NULL,NULL),(576,'3378','Mezőszemere',NULL,NULL,NULL),(577,'3379','Egerfarmos',NULL,NULL,NULL),(578,'3381','Pély',NULL,NULL,NULL),(579,'3382','Tarnaszentmiklós',NULL,NULL,NULL),(580,'3383','Hevesvezekény',NULL,NULL,NULL),(581,'3384','Kisköre',NULL,NULL,NULL),(582,'3385','Tiszanána',NULL,NULL,NULL),(583,'3386','Sarud',NULL,NULL,NULL),(584,'3387','Újlőrincfalva',NULL,NULL,NULL),(585,'3388','Poroszló',NULL,NULL,NULL),(586,'3390','Füzesabony ',NULL,NULL,NULL),(587,'3394','Egerszalók',NULL,NULL,NULL),(588,'3395','Demjén',NULL,NULL,NULL),(589,'3396','Kerecsend',NULL,NULL,NULL),(590,'3397','Maklár',NULL,NULL,NULL),(591,'3398','Nagytálya',NULL,NULL,NULL),(592,'3399','Andornaktálya',NULL,NULL,NULL),(593,'3400','Mezőkövesd',NULL,NULL,NULL),(594,'3411','Szomolya',NULL,NULL,NULL),(595,'3412','Bogács',NULL,NULL,NULL),(596,'3413','Cserépfalu',NULL,NULL,NULL),(597,'3414','Bükkzsérc',NULL,NULL,NULL),(598,'3416','Tard',NULL,NULL,NULL),(599,'3417','Cserépváralja',NULL,NULL,NULL),(600,'3418','Szentistván',NULL,NULL,NULL),(601,'3421','Mezőnyárád',NULL,NULL,NULL),(602,'3422','Bükkábrány',NULL,NULL,NULL),(603,'3423','Tibolddaróc',NULL,NULL,NULL),(604,'3424','Kács',NULL,NULL,NULL),(605,'3425','Sály',NULL,NULL,NULL),(606,'3426','Borsodgeszt',NULL,NULL,NULL),(607,'3431','Vatta',NULL,NULL,NULL),(608,'3432','Emőd',NULL,NULL,NULL),(609,'3433','Nyékládháza ',NULL,NULL,NULL),(610,'3434','Mályi',NULL,NULL,NULL),(611,'3441','Mezőkeresztes ',NULL,NULL,NULL),(612,'3442','Csincse',NULL,NULL,NULL),(613,'3443','Mezőnagymihály',NULL,NULL,NULL),(614,'3444','Gelej',NULL,NULL,NULL),(615,'3450','Mezőcsát',NULL,NULL,NULL),(616,'3458','Tiszakeszi',NULL,NULL,NULL),(617,'3459','Igrici',NULL,NULL,NULL),(618,'3461','Egerlövő',NULL,NULL,NULL),(619,'3462','Borsodivánka',NULL,NULL,NULL),(620,'3463','Négyes',NULL,NULL,NULL),(621,'3464','Tiszavalk',NULL,NULL,NULL),(622,'3465','Tiszabábolna',NULL,NULL,NULL),(623,'3466','Tiszadorogma',NULL,NULL,NULL),(624,'3467','Ároktő',NULL,NULL,NULL),(625,'3500','Miskolc',NULL,NULL,NULL),(626,'3551','Ónod',NULL,NULL,NULL),(627,'3552','Muhi',NULL,NULL,NULL),(628,'3553','Kistokaj',NULL,NULL,NULL),(629,'3554','Bükkaranyos',NULL,NULL,NULL),(630,'3555','Harsány',NULL,NULL,NULL),(631,'3556','Kisgyőr',NULL,NULL,NULL),(632,'3557','Bükkszentkereszt',NULL,NULL,NULL),(633,'3559','Répáshuta',NULL,NULL,NULL),(634,'3561','Felsőzsolca',NULL,NULL,NULL),(635,'3562','Onga',NULL,NULL,NULL),(636,'3563','Hernádkak',NULL,NULL,NULL),(637,'3564','Hernádnémeti',NULL,NULL,NULL),(638,'3565','Tiszalúc',NULL,NULL,NULL),(639,'3571','Alsózsolca',NULL,NULL,NULL),(640,'3572','Sajólád',NULL,NULL,NULL),(641,'3573','Sajópetri',NULL,NULL,NULL),(642,'3574','Bőcs',NULL,NULL,NULL),(643,'3575','Berzék',NULL,NULL,NULL),(644,'3576','Sajóhídvég',NULL,NULL,NULL),(645,'3577','Köröm',NULL,NULL,NULL),(646,'3578','Girincs',NULL,NULL,NULL),(647,'3578','Kiscsécs',NULL,NULL,NULL),(648,'3579','Kesznyéten',NULL,NULL,NULL),(649,'3580','Tiszaújváros',NULL,NULL,NULL),(650,'3586','Sajóörös',NULL,NULL,NULL),(651,'3587','Tiszapalkonya',NULL,NULL,NULL),(652,'3588','Hejőkürt',NULL,NULL,NULL),(653,'3589','Tiszatarján',NULL,NULL,NULL),(654,'3591','Oszlár',NULL,NULL,NULL),(655,'3592','Nemesbikk',NULL,NULL,NULL),(656,'3593','Hejőbába',NULL,NULL,NULL),(657,'3594','Hejőpapi',NULL,NULL,NULL),(658,'3595','Hejőszalonta',NULL,NULL,NULL),(659,'3596','Szakáld',NULL,NULL,NULL),(660,'3597','Hejőkeresztúr',NULL,NULL,NULL),(661,'3598','Nagycsécs',NULL,NULL,NULL),(662,'3599','Sajószöged',NULL,NULL,NULL),(663,'3600','Ózd',NULL,NULL,NULL),(664,'3604','Ózd, Bánszállás',NULL,NULL,NULL),(665,'3608','Farkaslyuk',NULL,NULL,NULL),(666,'3621','Ózd, Uraj',NULL,NULL,NULL),(667,'3622','Uppony',NULL,NULL,NULL),(668,'3623','Borsodszentgyörgy',NULL,NULL,NULL),(669,'3625','Ózd, Szentsimon',NULL,NULL,NULL),(670,'3626','Hangony',NULL,NULL,NULL),(671,'3627','Domaháza',NULL,NULL,NULL),(672,'3627','Kissikátor',NULL,NULL,NULL),(673,'3630','Putnok',NULL,NULL,NULL),(674,'3635','Dubicsány',NULL,NULL,NULL),(675,'3636','Vadna',NULL,NULL,NULL),(676,'3636','Sajógalgóc',NULL,NULL,NULL),(677,'3641','Nagybarca',NULL,NULL,NULL),(678,'3642','Bánhorváti',NULL,NULL,NULL),(679,'3643','Dédestapolcsány',NULL,NULL,NULL),(680,'3644','Tardona',NULL,NULL,NULL),(681,'3645','Mályinka',NULL,NULL,NULL),(682,'3646','Nekézseny',NULL,NULL,NULL),(683,'3647','Csokvaomány',NULL,NULL,NULL),(684,'3648','Csernely',NULL,NULL,NULL),(685,'3648','Bükkmogyorósd',NULL,NULL,NULL),(686,'3648','Lénárddaróc',NULL,NULL,NULL),(687,'3651','Ózd, Center',NULL,NULL,NULL),(688,'3652','Sajónémeti',NULL,NULL,NULL),(689,'3653','Sajópüspöki',NULL,NULL,NULL),(690,'3654','Bánréve',NULL,NULL,NULL),(691,'3655','Hét',NULL,NULL,NULL),(692,'3656','Sajóvelezd',NULL,NULL,NULL),(693,'3656','Sajómercse',NULL,NULL,NULL),(694,'3657','Királd',NULL,NULL,NULL),(695,'3658','Borsodbóta',NULL,NULL,NULL),(696,'3659','Sáta',NULL,NULL,NULL),(697,'3661','Ózd, Hódoscsépány',NULL,NULL,NULL),(698,'3662','Ózd, Somsálybánya',NULL,NULL,NULL),(699,'3663','Arló',NULL,NULL,NULL),(700,'3664','Járdánháza',NULL,NULL,NULL),(701,'3671','Borsodnádasd ',NULL,NULL,NULL),(702,'3672','Borsodnádasd, Lemezgyár',NULL,NULL,NULL),(703,'3700','Kazincbarcika',NULL,NULL,NULL),(704,'3704','Berente',NULL,NULL,NULL),(705,'3711','Szirmabesenyő',NULL,NULL,NULL),(706,'3712','Sajóvámos',NULL,NULL,NULL),(707,'3712','Sajósenye',NULL,NULL,NULL),(708,'3713','Arnót',NULL,NULL,NULL),(709,'3714','Sajópálfala',NULL,NULL,NULL),(710,'3715','Gesztely',NULL,NULL,NULL),(711,'3716','Újcsanálos',NULL,NULL,NULL),(712,'3716','Sóstófalva',NULL,NULL,NULL),(713,'3717','Alsódobsza',NULL,NULL,NULL),(714,'3718','Megyaszó',NULL,NULL,NULL),(715,'3720','Sajókaza',NULL,NULL,NULL),(716,'3720','Sajóivánka',NULL,NULL,NULL),(717,'3721','Felsőnyárád',NULL,NULL,NULL),(718,'3721','Dövény',NULL,NULL,NULL),(719,'3721','Jákfalva',NULL,NULL,NULL),(720,'3722','Felsőkelecsény',NULL,NULL,NULL),(721,'3723','Zubogy',NULL,NULL,NULL),(722,'3724','Ragály',NULL,NULL,NULL),(723,'3724','Trizs',NULL,NULL,NULL),(724,'3725','Imola',NULL,NULL,NULL),(725,'3726','Zádorfalva',NULL,NULL,NULL),(726,'3726','Alsószuha',NULL,NULL,NULL),(727,'3726','Szuhafő',NULL,NULL,NULL),(728,'3728','Kelemér',NULL,NULL,NULL),(729,'3728','Gömörszőlős',NULL,NULL,NULL),(730,'3729','Serényfalva',NULL,NULL,NULL),(731,'3731','Szuhakálló',NULL,NULL,NULL),(732,'3732','Kurityán',NULL,NULL,NULL),(733,'3733','Rudabánya',NULL,NULL,NULL),(734,'3734','Szuhogy',NULL,NULL,NULL),(735,'3735','Felsőtelekes',NULL,NULL,NULL),(736,'3735','Alsótelekes',NULL,NULL,NULL),(737,'3735','Kánó',NULL,NULL,NULL),(738,'3741','Izsófalva',NULL,NULL,NULL),(739,'3742','Rudolftelep',NULL,NULL,NULL),(740,'3743','Ormosbánya',NULL,NULL,NULL),(741,'3744','Múcsony',NULL,NULL,NULL),(742,'3751','Szendrőlád',NULL,NULL,NULL),(743,'3752','Szendrő',NULL,NULL,NULL),(744,'3752','Galvács',NULL,NULL,NULL),(745,'3753','Abod',NULL,NULL,NULL),(746,'3754','Szalonna',NULL,NULL,NULL),(747,'3754','Meszes',NULL,NULL,NULL),(748,'3755','Martonyi',NULL,NULL,NULL),(749,'3756','Perkupa',NULL,NULL,NULL),(750,'3756','Varbóc',NULL,NULL,NULL),(751,'3757','Szőlősardó',NULL,NULL,NULL),(752,'3757','Égerszög',NULL,NULL,NULL),(753,'3757','Teresztenye',NULL,NULL,NULL),(754,'3758','Jósvafő',NULL,NULL,NULL),(755,'3759','Aggtelek',NULL,NULL,NULL),(756,'3761','Szin',NULL,NULL,NULL),(757,'3761','Szinpetri',NULL,NULL,NULL),(758,'3761','Tornakápolna',NULL,NULL,NULL),(759,'3762','Szögliget',NULL,NULL,NULL),(760,'3763','Bódvaszilas',NULL,NULL,NULL),(761,'3764','Bódvarákó',NULL,NULL,NULL),(762,'3765','Komjáti',NULL,NULL,NULL),(763,'3765','Tornabarakony',NULL,NULL,NULL),(764,'3765','Tornaszentandrás',NULL,NULL,NULL),(765,'3767','Tornanádaska',NULL,NULL,NULL),(766,'3768','Hidvégardó',NULL,NULL,NULL),(767,'3768','Becskeháza',NULL,NULL,NULL),(768,'3768','Bódvalenke',NULL,NULL,NULL),(769,'3769','Tornaszentjakab',NULL,NULL,NULL),(770,'3770','Sajószentpéter',NULL,NULL,NULL),(771,'3773','Sajókápolna',NULL,NULL,NULL),(772,'3773','Sajólászlófalva',NULL,NULL,NULL),(773,'3775','Kondó',NULL,NULL,NULL),(774,'3776','Radostyán',NULL,NULL,NULL),(775,'3777','Parasznya',NULL,NULL,NULL),(776,'3778','Varbó',NULL,NULL,NULL),(777,'3779','Alacska',NULL,NULL,NULL),(778,'3780','Edelény ',NULL,NULL,NULL),(779,'3780','Balajt',NULL,NULL,NULL),(780,'3780','Damak',NULL,NULL,NULL),(781,'3780','Ládbesenyő',NULL,NULL,NULL),(782,'3783','Edelény, Finke',NULL,NULL,NULL),(783,'3786','Lak',NULL,NULL,NULL),(784,'3786','Hegymeg',NULL,NULL,NULL),(785,'3786','Irota',NULL,NULL,NULL),(786,'3786','Szakácsi',NULL,NULL,NULL),(787,'3787','Tomor',NULL,NULL,NULL),(788,'3791','Sajókeresztúr',NULL,NULL,NULL),(789,'3792','Sajóbábony',NULL,NULL,NULL),(790,'3793','Sajóecseg',NULL,NULL,NULL),(791,'3794','Boldva',NULL,NULL,NULL),(792,'3794','Ziliz',NULL,NULL,NULL),(793,'3795','Hangács',NULL,NULL,NULL),(794,'3795','Nyomár',NULL,NULL,NULL),(795,'3796','Borsodszirák',NULL,NULL,NULL),(796,'3800','Szikszó',NULL,NULL,NULL),(797,'3809','Selyeb',NULL,NULL,NULL),(798,'3809','Abaújszolnok',NULL,NULL,NULL),(799,'3809','Nyésta',NULL,NULL,NULL),(800,'3811','Alsóvadász',NULL,NULL,NULL),(801,'3812','Homrogd',NULL,NULL,NULL),(802,'3812','Monaj',NULL,NULL,NULL),(803,'3813','Kupa',NULL,NULL,NULL),(804,'3814','Felsővadász',NULL,NULL,NULL),(805,'3815','Gadna',NULL,NULL,NULL),(806,'3815','Abaújlak',NULL,NULL,NULL),(807,'3816','Gagyvendégi',NULL,NULL,NULL),(808,'3817','Gagybátor',NULL,NULL,NULL),(809,'3821','Krasznokvajda',NULL,NULL,NULL),(810,'3821','Büttös',NULL,NULL,NULL),(811,'3821','Kány',NULL,NULL,NULL),(812,'3821','Keresztéte',NULL,NULL,NULL),(813,'3821','Pamlény',NULL,NULL,NULL),(814,'3821','Perecse',NULL,NULL,NULL),(815,'3821','Szászfa',NULL,NULL,NULL),(816,'3825','Rakaca',NULL,NULL,NULL),(817,'3825','Debréte',NULL,NULL,NULL),(818,'3825','Viszló',NULL,NULL,NULL),(819,'3826','Rakacaszend',NULL,NULL,NULL),(820,'3831','Kázsmárk',NULL,NULL,NULL),(821,'3832','Léh',NULL,NULL,NULL),(822,'3833','Rásonysápberencs',NULL,NULL,NULL),(823,'3834','Detek',NULL,NULL,NULL),(824,'3834','Beret',NULL,NULL,NULL),(825,'3836','Baktakék',NULL,NULL,NULL),(826,'3837','Felsőgagy',NULL,NULL,NULL),(827,'3837','Alsógagy',NULL,NULL,NULL),(828,'3837','Csenyéte',NULL,NULL,NULL),(829,'3837','Gagyapáti',NULL,NULL,NULL),(830,'3841','Aszaló',NULL,NULL,NULL),(831,'3842','Halmaj',NULL,NULL,NULL),(832,'3843','Kiskinizs',NULL,NULL,NULL),(833,'3844','Nagykinizs',NULL,NULL,NULL),(834,'3844','Szentistvánbaksa',NULL,NULL,NULL),(835,'3846','Hernádkércs',NULL,NULL,NULL),(836,'3847','Felsődobsza',NULL,NULL,NULL),(837,'3848','Csobád',NULL,NULL,NULL),(838,'3849','Forró',NULL,NULL,NULL),(839,'3851','Ináncs',NULL,NULL,NULL),(840,'3852','Hernádszentandrás',NULL,NULL,NULL),(841,'3853','Pere',NULL,NULL,NULL),(842,'3853','Hernádbűd',NULL,NULL,NULL),(843,'3854','Gibárt',NULL,NULL,NULL),(844,'3855','Fancsal',NULL,NULL,NULL),(845,'3860','Encs',NULL,NULL,NULL),(846,'3863','Szalaszend',NULL,NULL,NULL),(847,'3864','Fulókércs',NULL,NULL,NULL),(848,'3865','Fáj',NULL,NULL,NULL),(849,'3866','Szemere',NULL,NULL,NULL),(850,'3866','Litka',NULL,NULL,NULL),(851,'3871','Méra',NULL,NULL,NULL),(852,'3872','Novajidrány',NULL,NULL,NULL),(853,'3873','Garadna',NULL,NULL,NULL),(854,'3874','Hernádvécse',NULL,NULL,NULL),(855,'3874','Hernádpetri',NULL,NULL,NULL),(856,'3874','Pusztaradvány',NULL,NULL,NULL),(857,'3875','Hernádszurdok',NULL,NULL,NULL),(858,'3876','Hidasnémeti',NULL,NULL,NULL),(859,'3877','Tornyosnémeti',NULL,NULL,NULL),(860,'3881','Abaújszántó',NULL,NULL,NULL),(861,'3881','Baskó',NULL,NULL,NULL),(862,'3881','Sima',NULL,NULL,NULL),(863,'3882','Abaújkér',NULL,NULL,NULL),(864,'3882','Abaújalpár',NULL,NULL,NULL),(865,'3884','Boldogkőújfalu',NULL,NULL,NULL),(866,'3885','Boldogkőváralja',NULL,NULL,NULL),(867,'3885','Arka',NULL,NULL,NULL),(868,'3886','Korlát',NULL,NULL,NULL),(869,'3887','Hernádcéce',NULL,NULL,NULL),(870,'3888','Vizsoly',NULL,NULL,NULL),(871,'3891','Vilmány',NULL,NULL,NULL),(872,'3892','Hejce',NULL,NULL,NULL),(873,'3893','Fony',NULL,NULL,NULL),(874,'3893','Mogyoróska',NULL,NULL,NULL),(875,'3893','Regéc',NULL,NULL,NULL),(876,'3894','Göncruszka',NULL,NULL,NULL),(877,'3895','Gönc',NULL,NULL,NULL),(878,'3896','Telkibánya',NULL,NULL,NULL),(879,'3897','Zsujta',NULL,NULL,NULL),(880,'3898','Abaújvár',NULL,NULL,NULL),(881,'3898','Pányok',NULL,NULL,NULL),(882,'3899','Kéked',NULL,NULL,NULL),(883,'3900','Szerencs',NULL,NULL,NULL),(884,'3902','Szerencs, Ond',NULL,NULL,NULL),(885,'3903','Bekecs',NULL,NULL,NULL),(886,'3904','Legyesbénye',NULL,NULL,NULL),(887,'3905','Monok',NULL,NULL,NULL),(888,'3906','Golop',NULL,NULL,NULL),(889,'3907','Tállya',NULL,NULL,NULL),(890,'3908','Rátka',NULL,NULL,NULL),(891,'3909','Mád',NULL,NULL,NULL),(892,'3910','Tokaj',NULL,NULL,NULL),(893,'3915','Tarcal',NULL,NULL,NULL),(894,'3916','Bodrogkeresztúr',NULL,NULL,NULL),(895,'3917','Bodrogkisfalud',NULL,NULL,NULL),(896,'3918','Szegi',NULL,NULL,NULL),(897,'3918','Szegilong',NULL,NULL,NULL),(898,'3921','Taktaszada',NULL,NULL,NULL),(899,'3922','Taktaharkány',NULL,NULL,NULL),(900,'3923','Gesztely, Újharangod',NULL,NULL,NULL),(901,'3924','Taktakenéz',NULL,NULL,NULL),(902,'3925','Prügy',NULL,NULL,NULL),(903,'3926','Taktabáj',NULL,NULL,NULL),(904,'3927','Csobaj',NULL,NULL,NULL),(905,'3928','Tiszatardos',NULL,NULL,NULL),(906,'3929','Tiszaladány',NULL,NULL,NULL),(907,'3931','Mezőzombor',NULL,NULL,NULL),(908,'3932','Erdőbénye',NULL,NULL,NULL),(909,'3933','Olaszliszka',NULL,NULL,NULL),(910,'3934','Tolcsva',NULL,NULL,NULL),(911,'3935','Erdőhorváti',NULL,NULL,NULL),(912,'3936','Háromhuta',NULL,NULL,NULL),(913,'3937','Komlóska',NULL,NULL,NULL),(914,'3941','Vámosújfalu',NULL,NULL,NULL),(915,'3942','Sárazsadány',NULL,NULL,NULL),(916,'3943','Bodrogolaszi',NULL,NULL,NULL),(917,'3944','Sátoraljaújhely, Károlyfalva',NULL,NULL,NULL),(918,'3945','Sátoraljaújhely, Rudabányácska',NULL,NULL,NULL),(919,'3950','Sárospatak',NULL,NULL,NULL),(920,'3954','Györgytarló',NULL,NULL,NULL),(921,'3955','Kenézlő',NULL,NULL,NULL),(922,'3956','Viss',NULL,NULL,NULL),(923,'3957','Zalkod',NULL,NULL,NULL),(924,'3958','Hercegkút',NULL,NULL,NULL),(925,'3959','Makkoshotyka',NULL,NULL,NULL),(926,'3961','Vajdácska',NULL,NULL,NULL),(927,'3962','Karos',NULL,NULL,NULL),(928,'3963','Karcsa',NULL,NULL,NULL),(929,'3964','Pácin',NULL,NULL,NULL),(930,'3965','Nagyrozvágy',NULL,NULL,NULL),(931,'3965','Kisrozvágy',NULL,NULL,NULL),(932,'3967','Lácacséke',NULL,NULL,NULL),(933,'3971','Tiszakarád',NULL,NULL,NULL),(934,'3972','Tiszacsermely',NULL,NULL,NULL),(935,'3973','Cigánd',NULL,NULL,NULL),(936,'3974','Ricse',NULL,NULL,NULL),(937,'3974','Semjén',NULL,NULL,NULL),(938,'3976','Révleányvár',NULL,NULL,NULL),(939,'3977','Zemplénagárd',NULL,NULL,NULL),(940,'3978','Dámóc',NULL,NULL,NULL),(941,'3980','Sátoraljaújhely',NULL,NULL,NULL),(942,'3985','Alsóberecki',NULL,NULL,NULL),(943,'3985','Felsőberecki',NULL,NULL,NULL),(944,'3987','Bodroghalom',NULL,NULL,NULL),(945,'3988','Sátoraljaújhely, Széphalom',NULL,NULL,NULL),(946,'3989','Mikóháza',NULL,NULL,NULL),(947,'3989','Alsóregmec',NULL,NULL,NULL),(948,'3989','Felsőregmec',NULL,NULL,NULL),(949,'3991','Vilyvitány',NULL,NULL,NULL),(950,'3992','Kovácsvágás',NULL,NULL,NULL),(951,'3992','Vágáshuta',NULL,NULL,NULL),(952,'3993','Füzérradvány',NULL,NULL,NULL),(953,'3994','Pálháza',NULL,NULL,NULL),(954,'3994','Bózsva',NULL,NULL,NULL),(955,'3994','Filkeháza',NULL,NULL,NULL),(956,'3994','Füzérkajata',NULL,NULL,NULL),(957,'3994','Kishuta',NULL,NULL,NULL),(958,'3994','Nagyhuta',NULL,NULL,NULL),(959,'3995','Pusztafalu',NULL,NULL,NULL),(960,'3996','Füzér',NULL,NULL,NULL),(961,'3997','Füzérkomlós',NULL,NULL,NULL),(962,'3998','Nyíri',NULL,NULL,NULL),(963,'3999','Hollóháza',NULL,NULL,NULL),(964,'4000','Debrecen',NULL,NULL,NULL),(965,'4060','Balmazújváros',NULL,NULL,NULL),(966,'4064','Nagyhegyes',NULL,NULL,NULL),(967,'4065','Újszentmargita',NULL,NULL,NULL),(968,'4066','Tiszacsege',NULL,NULL,NULL),(969,'4067','Egyek, Telekháza',NULL,NULL,NULL),(970,'4069','Egyek',NULL,NULL,NULL),(971,'4071','Hortobágy',NULL,NULL,NULL),(972,'4074','Hajdúböszörmény, Nagypród',NULL,NULL,NULL),(973,'4075','Görbeháza',NULL,NULL,NULL),(974,'4080','Hajdúnánás',NULL,NULL,NULL),(975,'4085','Hajdúnánás, Tedej',NULL,NULL,NULL),(976,'4086','Hajdúböszörmény, Hajdúvid',NULL,NULL,NULL),(977,'4087','Hajdúdorog',NULL,NULL,NULL),(978,'4090','Polgár',NULL,NULL,NULL),(979,'4095','Folyás',NULL,NULL,NULL),(980,'4096','Újtikos',NULL,NULL,NULL),(981,'4097','Tiszagyulaháza',NULL,NULL,NULL),(982,'4100','Berettyóújfalu',NULL,NULL,NULL),(983,'4110','Biharkeresztes',NULL,NULL,NULL),(984,'4114','Bojt',NULL,NULL,NULL),(985,'4115','Ártánd ',NULL,NULL,NULL),(986,'4116','Berekböszörmény',NULL,NULL,NULL),(987,'4117','Told ',NULL,NULL,NULL),(988,'4118','Mezőpeterd',NULL,NULL,NULL),(989,'4119','Váncsod',NULL,NULL,NULL),(990,'4121','Szentpéterszeg',NULL,NULL,NULL),(991,'4122','Gáborján',NULL,NULL,NULL),(992,'4123','Hencida',NULL,NULL,NULL),(993,'4124','Esztár',NULL,NULL,NULL),(994,'4125','Pocsaj',NULL,NULL,NULL),(995,'4126','Kismarja',NULL,NULL,NULL),(996,'4127','Nagykereki',NULL,NULL,NULL),(997,'4128','Bedő',NULL,NULL,NULL),(998,'4130','Derecske',NULL,NULL,NULL),(999,'4132','Tépe',NULL,NULL,NULL),(1000,'4133','Konyár',NULL,NULL,NULL),(1001,'4134','Mezősas',NULL,NULL,NULL),(1002,'4135','Körösszegapáti',NULL,NULL,NULL),(1003,'4136','Körösszakál',NULL,NULL,NULL),(1004,'4137','Magyarhomorog',NULL,NULL,NULL),(1005,'4138','Komádi',NULL,NULL,NULL),(1006,'4141','Furta',NULL,NULL,NULL),(1007,'4142','Zsáka',NULL,NULL,NULL),(1008,'4143','Vekerd',NULL,NULL,NULL),(1009,'4144','Darvas',NULL,NULL,NULL),(1010,'4145','Csökmő',NULL,NULL,NULL),(1011,'4146','Újiráz',NULL,NULL,NULL),(1012,'4150','Püspökladány',NULL,NULL,NULL),(1013,'4161','Báránd',NULL,NULL,NULL),(1014,'4162','Szerep, Hosszúhát',NULL,NULL,NULL),(1015,'4163','Szerep',NULL,NULL,NULL),(1016,'4164','Bakonszeg',NULL,NULL,NULL),(1017,'4171','Sárrétudvari',NULL,NULL,NULL),(1018,'4172','Biharnagybajom',NULL,NULL,NULL),(1019,'4173','Nagyrábé',NULL,NULL,NULL),(1020,'4174','Bihartorda',NULL,NULL,NULL),(1021,'4175','Bihardancsháza',NULL,NULL,NULL),(1022,'4176','Sáp',NULL,NULL,NULL),(1023,'4177','Földes',NULL,NULL,NULL),(1024,'4181','Nádudvar',NULL,NULL,NULL),(1025,'4183','Kaba',NULL,NULL,NULL),(1026,'4184','Tetétlen',NULL,NULL,NULL),(1027,'4200','Hajdúszoboszló',NULL,NULL,NULL),(1028,'4211','Ebes',NULL,NULL,NULL),(1029,'4212','Hajdúszovát',NULL,NULL,NULL),(1030,'4220','Hajdúböszörmény',NULL,NULL,NULL),(1031,'4224','Hajdúböszörmény, Bodaszőlő',NULL,NULL,NULL),(1032,'4231','Bököny',NULL,NULL,NULL),(1033,'4232','Geszteréd',NULL,NULL,NULL),(1034,'4233','Balkány',NULL,NULL,NULL),(1035,'4234','Szakoly',NULL,NULL,NULL),(1036,'4235','Biri',NULL,NULL,NULL),(1037,'4241','Bocskaikert',NULL,NULL,NULL),(1038,'4242','Hajdúhadház',NULL,NULL,NULL),(1039,'4243','Téglás',NULL,NULL,NULL),(1040,'4244','Újfehértó',NULL,NULL,NULL),(1041,'4245','Érpatak',NULL,NULL,NULL),(1042,'4246','Nyíregyháza, Butykatelep',NULL,NULL,NULL),(1043,'4251','Hajdúsámson',NULL,NULL,NULL),(1044,'4252','Nyíradony, Tamásipuszta',NULL,NULL,NULL),(1045,'4253','Nyíradony, Aradványpuszta',NULL,NULL,NULL),(1046,'4254','Nyíradony',NULL,NULL,NULL),(1047,'4262','Nyíracsád',NULL,NULL,NULL),(1048,'4263','Nyírmártonfalva',NULL,NULL,NULL),(1049,'4264','Nyírábrány',NULL,NULL,NULL),(1050,'4266','Fülöp',NULL,NULL,NULL),(1051,'4267','Penészlek',NULL,NULL,NULL),(1052,'4271','Mikepércs',NULL,NULL,NULL),(1053,'4272','Sáránd',NULL,NULL,NULL),(1054,'4273','Hajdúbagos',NULL,NULL,NULL),(1055,'4274','Hosszúpályi',NULL,NULL,NULL),(1056,'4275','Monostorpályi',NULL,NULL,NULL),(1057,'4281','Létavértes, Nagyléta',NULL,NULL,NULL),(1058,'4283','Létavértes, Vértes',NULL,NULL,NULL),(1059,'4284','Kokad',NULL,NULL,NULL),(1060,'4285','Álmosd',NULL,NULL,NULL),(1061,'4286','Bagamér',NULL,NULL,NULL),(1062,'4287','Vámospércs',NULL,NULL,NULL),(1063,'4288','Újléta',NULL,NULL,NULL),(1064,'4300','Nyírbátor',NULL,NULL,NULL),(1065,'4311','Nyírgyulaj',NULL,NULL,NULL),(1066,'4320','Nagykálló',NULL,NULL,NULL),(1067,'4324','Kállósemjén',NULL,NULL,NULL),(1068,'4325','Kisléta',NULL,NULL,NULL),(1069,'4326','Máriapócs',NULL,NULL,NULL),(1070,'4327','Pócspetri',NULL,NULL,NULL),(1071,'4331','Nyírcsászári',NULL,NULL,NULL),(1072,'4332','Nyírderzs',NULL,NULL,NULL),(1073,'4333','Nyírkáta',NULL,NULL,NULL),(1074,'4334','Hodász',NULL,NULL,NULL),(1075,'4335','Kántorjánosi',NULL,NULL,NULL),(1076,'4336','Őr',NULL,NULL,NULL),(1077,'4337','Jármi',NULL,NULL,NULL),(1078,'4338','Papos ',NULL,NULL,NULL),(1079,'4341','Nyírvasvári',NULL,NULL,NULL),(1080,'4342','Terem',NULL,NULL,NULL),(1081,'4343','Bátorliget',NULL,NULL,NULL),(1082,'4351','Vállaj',NULL,NULL,NULL),(1083,'4352','Mérk',NULL,NULL,NULL),(1084,'4353','Tiborszállás',NULL,NULL,NULL),(1085,'4354','Fábiánháza',NULL,NULL,NULL),(1086,'4355','Nagyecsed',NULL,NULL,NULL),(1087,'4356','Nyírcsaholy',NULL,NULL,NULL),(1088,'4361','Nyírbogát',NULL,NULL,NULL),(1089,'4362','Nyírgelse',NULL,NULL,NULL),(1090,'4363','Nyírmihálydi',NULL,NULL,NULL),(1091,'4371','Nyírlugos',NULL,NULL,NULL),(1092,'4372','Nyírbéltek',NULL,NULL,NULL),(1093,'4373','Ömböly',NULL,NULL,NULL),(1094,'4374','Encsencs',NULL,NULL,NULL),(1095,'4375','Piricse',NULL,NULL,NULL),(1096,'4376','Nyírpilis',NULL,NULL,NULL),(1097,'4400','Nyíregyháza',NULL,NULL,NULL),(1098,'4405','Nyíregyháza, Borbánya',NULL,NULL,NULL),(1099,'4431','Nyíregyháza, Sóstófürdő',NULL,NULL,NULL),(1100,'4432','Nyíregyháza, Nyírszőlős',NULL,NULL,NULL),(1101,'4433','Nyíregyháza, Felsősima',NULL,NULL,NULL),(1102,'4434','Kálmánháza',NULL,NULL,NULL),(1103,'4440','Tiszavasvári',NULL,NULL,NULL),(1104,'4441','Szorgalmatos',NULL,NULL,NULL),(1105,'4445','Nagycserkesz',NULL,NULL,NULL),(1106,'4446','Tiszaeszlár, Bashalom',NULL,NULL,NULL),(1107,'4447','Tiszalök, Kisfástanya',NULL,NULL,NULL),(1108,'4450','Tiszalök',NULL,NULL,NULL),(1109,'4455','Tiszadada',NULL,NULL,NULL),(1110,'4456','Tiszadob',NULL,NULL,NULL),(1111,'4461','Nyírtelek',NULL,NULL,NULL),(1112,'4463','Tiszanagyfalu',NULL,NULL,NULL),(1113,'4464','Tiszaeszlár    ',NULL,NULL,NULL),(1114,'4465','Rakamaz',NULL,NULL,NULL),(1115,'4466','Timár',NULL,NULL,NULL),(1116,'4467','Szabolcs',NULL,NULL,NULL),(1117,'4468','Balsa',NULL,NULL,NULL),(1118,'4471','Gávavencsellő, Gáva',NULL,NULL,NULL),(1119,'4472','Gávavencsellő, Vencsellő',NULL,NULL,NULL),(1120,'4474','Tiszabercel',NULL,NULL,NULL),(1121,'4475','Paszab',NULL,NULL,NULL),(1122,'4481','Nyíregyháza, Sóstóhegy',NULL,NULL,NULL),(1123,'4482','Kótaj',NULL,NULL,NULL),(1124,'4483','Buj',NULL,NULL,NULL),(1125,'4484','Ibrány',NULL,NULL,NULL),(1126,'4485','Nagyhalász',NULL,NULL,NULL),(1127,'4486','Tiszatelek, Kétérköz',NULL,NULL,NULL),(1128,'4487','Tiszatelek',NULL,NULL,NULL),(1129,'4488','Beszterec',NULL,NULL,NULL),(1130,'4491','Újdombrád',NULL,NULL,NULL),(1131,'4492','Dombrád',NULL,NULL,NULL),(1132,'4493','Tiszakanyár',NULL,NULL,NULL),(1133,'4494','Kékcse',NULL,NULL,NULL),(1134,'4495','Döge',NULL,NULL,NULL),(1135,'4496','Szabolcsveresmart',NULL,NULL,NULL),(1136,'4501','Kemecse',NULL,NULL,NULL),(1137,'4502','Vasmegyer',NULL,NULL,NULL),(1138,'4503','Tiszarád',NULL,NULL,NULL),(1139,'4511','Nyírbogdány ',NULL,NULL,NULL),(1140,'4515','Kék',NULL,NULL,NULL),(1141,'4516','Demecser',NULL,NULL,NULL),(1142,'4517','Gégény',NULL,NULL,NULL),(1143,'4521','Berkesz ',NULL,NULL,NULL),(1144,'4522','Nyírtass',NULL,NULL,NULL),(1145,'4523','Pátroha',NULL,NULL,NULL),(1146,'4524','Ajak',NULL,NULL,NULL),(1147,'4525','Rétközberencs',NULL,NULL,NULL),(1148,'4531','Nyírpazony',NULL,NULL,NULL),(1149,'4532','Nyírtura',NULL,NULL,NULL),(1150,'4533','Sényő',NULL,NULL,NULL),(1151,'4534','Székely',NULL,NULL,NULL),(1152,'4535','Nyíribrony',NULL,NULL,NULL),(1153,'4536','Ramocsaháza',NULL,NULL,NULL),(1154,'4537','Nyírkércs',NULL,NULL,NULL),(1155,'4541','Nyírjákó',NULL,NULL,NULL),(1156,'4542','Petneháza',NULL,NULL,NULL),(1157,'4543','Laskod',NULL,NULL,NULL),(1158,'4544','Nyírkarász',NULL,NULL,NULL),(1159,'4545','Gyulaháza',NULL,NULL,NULL),(1160,'4546','Anarcs',NULL,NULL,NULL),(1161,'4547','Szabolcsbáka',NULL,NULL,NULL),(1162,'4551','Nyíregyháza, Oros',NULL,NULL,NULL),(1163,'4552','Napkor',NULL,NULL,NULL),(1164,'4553','Apagy',NULL,NULL,NULL),(1165,'4554','Nyírtét',NULL,NULL,NULL),(1166,'4555','Levelek',NULL,NULL,NULL),(1167,'4556','Magy',NULL,NULL,NULL),(1168,'4557','Besenyőd',NULL,NULL,NULL),(1169,'4558','Ófehértó',NULL,NULL,NULL),(1170,'4561','Baktalórántháza',NULL,NULL,NULL),(1171,'4562','Vaja',NULL,NULL,NULL),(1172,'4563','Rohod',NULL,NULL,NULL),(1173,'4564','Nyírmada',NULL,NULL,NULL),(1174,'4565','Pusztadobos',NULL,NULL,NULL),(1175,'4566','Ilk',NULL,NULL,NULL),(1176,'4567','Gemzse',NULL,NULL,NULL),(1177,'4600','Kisvárda',NULL,NULL,NULL),(1178,'4611','Jéke',NULL,NULL,NULL),(1179,'4621','Fényeslitke',NULL,NULL,NULL),(1180,'4622','Komoró',NULL,NULL,NULL),(1181,'4623','Tuzsér',NULL,NULL,NULL),(1182,'4624','Tiszabezdéd',NULL,NULL,NULL),(1183,'4625','Záhony',NULL,NULL,NULL),(1184,'4625','Győröcske',NULL,NULL,NULL),(1185,'4627','Zsurk',NULL,NULL,NULL),(1186,'4628','Tiszaszentmárton',NULL,NULL,NULL),(1187,'4631','Pap',NULL,NULL,NULL),(1188,'4632','Nyírlövő',NULL,NULL,NULL),(1189,'4633','Lövőpetri',NULL,NULL,NULL),(1190,'4634','Aranyosapáti',NULL,NULL,NULL),(1191,'4635','Újkenéz',NULL,NULL,NULL),(1192,'4641','Mezőladány',NULL,NULL,NULL),(1193,'4642','Tornyospálca',NULL,NULL,NULL),(1194,'4643','Benk',NULL,NULL,NULL),(1195,'4644','Mándok',NULL,NULL,NULL),(1196,'4645','Tiszamogyorós',NULL,NULL,NULL),(1197,'4646','Eperjeske',NULL,NULL,NULL),(1198,'4700','Mátészalka',NULL,NULL,NULL),(1199,'4721','Szamoskér',NULL,NULL,NULL),(1200,'4722','Nyírmeggyes',NULL,NULL,NULL),(1201,'4731','Tunyogmatolcs',NULL,NULL,NULL),(1202,'4732','Cégénydányád',NULL,NULL,NULL),(1203,'4733','Gyügye',NULL,NULL,NULL),(1204,'4734','Szamosújlak',NULL,NULL,NULL),(1205,'4735','Szamossályi',NULL,NULL,NULL),(1206,'4735','Hermánszeg',NULL,NULL,NULL),(1207,'4737','Kisnamény',NULL,NULL,NULL),(1208,'4737','Darnó',NULL,NULL,NULL),(1209,'4741','Jánkmajtis',NULL,NULL,NULL),(1210,'4742','Csegöld',NULL,NULL,NULL),(1211,'4743','Csengersima',NULL,NULL,NULL),(1212,'4745','Szamosbecs',NULL,NULL,NULL),(1213,'4746','Szamostatárfalva',NULL,NULL,NULL),(1214,'4751','Kocsord',NULL,NULL,NULL),(1215,'4752','Győrtelek',NULL,NULL,NULL),(1216,'4754','Géberjén',NULL,NULL,NULL),(1217,'4754','Fülpösdaróc',NULL,NULL,NULL),(1218,'4755','Ököritófülpös',NULL,NULL,NULL),(1219,'4756','Rápolt',NULL,NULL,NULL),(1220,'4761','Porcsalma',NULL,NULL,NULL),(1221,'4762','Tyukod',NULL,NULL,NULL),(1222,'4763','Ura',NULL,NULL,NULL),(1223,'4764','Csengerújfalu',NULL,NULL,NULL),(1224,'4765','Csenger',NULL,NULL,NULL),(1225,'4765','Komlódtótfalu',NULL,NULL,NULL),(1226,'4766','Pátyod',NULL,NULL,NULL),(1227,'4767','Szamosangyalos',NULL,NULL,NULL),(1228,'4800','Vásárosnamény',NULL,NULL,NULL),(1229,'4803','Vásárosnamény, Gergelyiugornya',NULL,NULL,NULL),(1230,'4804','Vásárosnamény, Vitka',NULL,NULL,NULL),(1231,'4811','Kisvarsány',NULL,NULL,NULL),(1232,'4812','Nagyvarsány',NULL,NULL,NULL),(1233,'4813','Gyüre ',NULL,NULL,NULL),(1234,'4821','Ópályi',NULL,NULL,NULL),(1235,'4822','Nyírparasznya',NULL,NULL,NULL),(1236,'4823','Nagydobos',NULL,NULL,NULL),(1237,'4824','Szamosszeg',NULL,NULL,NULL),(1238,'4826','Olcsva',NULL,NULL,NULL),(1239,'4831','Tiszaszalka',NULL,NULL,NULL),(1240,'4832','Tiszavid',NULL,NULL,NULL),(1241,'4833','Tiszaadony',NULL,NULL,NULL),(1242,'4834','Tiszakerecseny',NULL,NULL,NULL),(1243,'4835','Mátyus',NULL,NULL,NULL),(1244,'4836','Lónya',NULL,NULL,NULL),(1245,'4841','Jánd',NULL,NULL,NULL),(1246,'4842','Gulács',NULL,NULL,NULL),(1247,'4843','Hetefejércse',NULL,NULL,NULL),(1248,'4844','Csaroda',NULL,NULL,NULL),(1249,'4845','Tákos',NULL,NULL,NULL),(1250,'4900','Fehérgyarmat',NULL,NULL,NULL),(1251,'4911','Nábrád',NULL,NULL,NULL),(1252,'4912','Kérsemjén',NULL,NULL,NULL),(1253,'4913','Panyola',NULL,NULL,NULL),(1254,'4914','Olcsvaapáti',NULL,NULL,NULL),(1255,'4921','Kisar',NULL,NULL,NULL),(1256,'4921','Tivadar',NULL,NULL,NULL),(1257,'4922','Nagyar',NULL,NULL,NULL),(1258,'4931','Tarpa',NULL,NULL,NULL),(1259,'4932','Márokpapi',NULL,NULL,NULL),(1260,'4933','Beregsurány',NULL,NULL,NULL),(1261,'4934','Beregdaróc',NULL,NULL,NULL),(1262,'4935','Gelénes',NULL,NULL,NULL),(1263,'4936','Vámosatya',NULL,NULL,NULL),(1264,'4937','Barabás',NULL,NULL,NULL),(1265,'4941','Penyige',NULL,NULL,NULL),(1266,'4942','Mánd',NULL,NULL,NULL),(1267,'4942','Nemesborzova',NULL,NULL,NULL),(1268,'4943','Kömörő',NULL,NULL,NULL),(1269,'4944','Túristvándi',NULL,NULL,NULL),(1270,'4945','Szatmárcseke',NULL,NULL,NULL),(1271,'4946','Tiszakóród',NULL,NULL,NULL),(1272,'4947','Tiszacsécse',NULL,NULL,NULL),(1273,'4948','Milota',NULL,NULL,NULL),(1274,'4951','Tiszabecs',NULL,NULL,NULL),(1275,'4952','Uszka',NULL,NULL,NULL),(1276,'4953','Magosliget',NULL,NULL,NULL),(1277,'4954','Sonkád',NULL,NULL,NULL),(1278,'4955','Botpalád',NULL,NULL,NULL),(1279,'4956','Kispalád',NULL,NULL,NULL),(1280,'4961','Zsarolyán',NULL,NULL,NULL),(1281,'4962','Nagyszekeres',NULL,NULL,NULL),(1282,'4963','Kisszekeres',NULL,NULL,NULL),(1283,'4964','Fülesd',NULL,NULL,NULL),(1284,'4965','Kölcse',NULL,NULL,NULL),(1285,'4966','Vámosoroszi',NULL,NULL,NULL),(1286,'4967','Csaholc',NULL,NULL,NULL),(1287,'4968','Túrricse',NULL,NULL,NULL),(1288,'4969','Tisztaberek',NULL,NULL,NULL),(1289,'4971','Rozsály',NULL,NULL,NULL),(1290,'4972','Gacsály',NULL,NULL,NULL),(1291,'4973','Császló',NULL,NULL,NULL),(1292,'4974','Zajta',NULL,NULL,NULL),(1293,'4975','Méhtelek',NULL,NULL,NULL),(1294,'4976','Garbolc',NULL,NULL,NULL),(1295,'4977','Nagyhódos',NULL,NULL,NULL),(1296,'4977','Kishódos',NULL,NULL,NULL),(1297,'5000','Szolnok',NULL,NULL,NULL),(1298,'5008','Szolnok, Szandaszőlős',NULL,NULL,NULL),(1299,'5051','Zagyvarékas',NULL,NULL,NULL),(1300,'5052','Újszász',NULL,NULL,NULL),(1301,'5053','Szászberek',NULL,NULL,NULL),(1302,'5054','Jászalsószentgyörgy',NULL,NULL,NULL),(1303,'5055','Jászladány',NULL,NULL,NULL),(1304,'5061','Tiszasüly',NULL,NULL,NULL),(1305,'5062','Kőtelek',NULL,NULL,NULL),(1306,'5063','Hunyadfalva',NULL,NULL,NULL),(1307,'5064','Csataszög',NULL,NULL,NULL),(1308,'5065','Nagykörű',NULL,NULL,NULL),(1309,'5071','Besenyszög',NULL,NULL,NULL),(1310,'5081','Szajol',NULL,NULL,NULL),(1311,'5082','Tiszatenyő',NULL,NULL,NULL),(1312,'5083','Kengyel',NULL,NULL,NULL),(1313,'5084','Rákócziújfalu',NULL,NULL,NULL),(1314,'5085','Rákóczifalva',NULL,NULL,NULL),(1315,'5091','Tószeg',NULL,NULL,NULL),(1316,'5092','Tiszavárkony',NULL,NULL,NULL),(1317,'5093','Vezseny',NULL,NULL,NULL),(1318,'5094','Tiszajenő',NULL,NULL,NULL),(1319,'5095','Tiszavárkony, Tiszavárkonyi Szőlők',NULL,NULL,NULL),(1320,'5100','Jászberény',NULL,NULL,NULL),(1321,'5111','Jászfelsőszentgyörgy',NULL,NULL,NULL),(1322,'5121','Jászjákóhalma',NULL,NULL,NULL),(1323,'5122','Jászdózsa',NULL,NULL,NULL),(1324,'5123','Jászárokszállás',NULL,NULL,NULL),(1325,'5124','Jászágó',NULL,NULL,NULL),(1326,'5125','Pusztamonostor',NULL,NULL,NULL),(1327,'5126','Jászfényszaru',NULL,NULL,NULL),(1328,'5130','Jászapáti',NULL,NULL,NULL),(1329,'5135','Jászivány',NULL,NULL,NULL),(1330,'5136','Jászszentandrás',NULL,NULL,NULL),(1331,'5137','Jászkisér',NULL,NULL,NULL),(1332,'5141','Jásztelek',NULL,NULL,NULL),(1333,'5142','Alattyán',NULL,NULL,NULL),(1334,'5143','Jánoshida',NULL,NULL,NULL),(1335,'5144','Jászboldogháza',NULL,NULL,NULL),(1336,'5152','Jászberény, Portelek',NULL,NULL,NULL),(1337,'5200','Törökszentmiklós',NULL,NULL,NULL),(1338,'5211','Tiszapüspöki',NULL,NULL,NULL),(1339,'5212','Törökszentmiklós, Surjány',NULL,NULL,NULL),(1340,'5213','Fegyvernek, Szapárfalu',NULL,NULL,NULL),(1341,'5222','Örményes',NULL,NULL,NULL),(1342,'5231','Fegyvernek',NULL,NULL,NULL),(1343,'5232','Tiszabő',NULL,NULL,NULL),(1344,'5233','Tiszagyenda',NULL,NULL,NULL),(1345,'5234','Tiszaroff',NULL,NULL,NULL),(1346,'5235','Tiszabura',NULL,NULL,NULL),(1347,'5241','Abádszalók',NULL,NULL,NULL),(1348,'5243','Tiszaderzs',NULL,NULL,NULL),(1349,'5244','Tiszaszőlős',NULL,NULL,NULL),(1350,'5300','Karcag',NULL,NULL,NULL),(1351,'5309','Berekfürdő',NULL,NULL,NULL),(1352,'5310','Kisújszállás',NULL,NULL,NULL),(1353,'5321','Kunmadaras',NULL,NULL,NULL),(1354,'5322','Tiszaszentimre',NULL,NULL,NULL),(1355,'5323','Tiszaszentimre, Újszentgyörgy',NULL,NULL,NULL),(1356,'5324','Tomajmonostora',NULL,NULL,NULL),(1357,'5331','Kenderes',NULL,NULL,NULL),(1358,'5340','Kunhegyes',NULL,NULL,NULL),(1359,'5349','Kenderes, Bánhalma',NULL,NULL,NULL),(1360,'5350','Tiszafüred',NULL,NULL,NULL),(1361,'5358','Tiszafüred, Tiszaörvény',NULL,NULL,NULL),(1362,'5359','Tiszafüred, Kócsújfalu',NULL,NULL,NULL),(1363,'5361','Tiszaigar',NULL,NULL,NULL),(1364,'5362','Tiszaörs',NULL,NULL,NULL),(1365,'5363','Nagyiván',NULL,NULL,NULL),(1366,'5400','Mezőtúr',NULL,NULL,NULL),(1367,'5411','Kétpó',NULL,NULL,NULL),(1368,'5412','Kuncsorba',NULL,NULL,NULL),(1369,'5420','Túrkeve',NULL,NULL,NULL),(1370,'5430','Tiszaföldvár',NULL,NULL,NULL),(1371,'5435','Martfű',NULL,NULL,NULL),(1372,'5440','Kunszentmárton',NULL,NULL,NULL),(1373,'5449','Kunszentmárton, Kungyalu',NULL,NULL,NULL),(1374,'5451','Öcsöd',NULL,NULL,NULL),(1375,'5452','Mesterszállás',NULL,NULL,NULL),(1376,'5453','Mezőhék',NULL,NULL,NULL),(1377,'5461','Tiszaföldvár, Homok',NULL,NULL,NULL),(1378,'5462','Cibakháza',NULL,NULL,NULL),(1379,'5463','Nagyrév',NULL,NULL,NULL),(1380,'5464','Tiszainoka',NULL,NULL,NULL),(1381,'5465','Cserkeszőlő',NULL,NULL,NULL),(1382,'5471','Tiszakürt',NULL,NULL,NULL),(1383,'5474','Tiszasas',NULL,NULL,NULL),(1384,'5475','Csépa',NULL,NULL,NULL),(1385,'5476','Szelevény',NULL,NULL,NULL),(1386,'5500','Gyomaendrőd, Gyoma',NULL,NULL,NULL),(1387,'5502','Gyomaendrőd, Endrőd',NULL,NULL,NULL),(1388,'5510','Dévaványa',NULL,NULL,NULL),(1389,'5515','Ecsegfalva',NULL,NULL,NULL),(1390,'5516','Körösladány',NULL,NULL,NULL),(1391,'5520','Szeghalom',NULL,NULL,NULL),(1392,'5525','Füzesgyarmat',NULL,NULL,NULL),(1393,'5526','Kertészsziget',NULL,NULL,NULL),(1394,'5527','Bucsa',NULL,NULL,NULL),(1395,'5530','Vésztő',NULL,NULL,NULL),(1396,'5534','Okány',NULL,NULL,NULL),(1397,'5536','Körösújfalu',NULL,NULL,NULL),(1398,'5537','Zsadány',NULL,NULL,NULL),(1399,'5538','Biharugra',NULL,NULL,NULL),(1400,'5539','Körösnagyharsány',NULL,NULL,NULL),(1401,'5540','Szarvas',NULL,NULL,NULL),(1402,'5551','Csabacsűd',NULL,NULL,NULL),(1403,'5552','Kardos',NULL,NULL,NULL),(1404,'5553','Kondoros',NULL,NULL,NULL),(1405,'5555','Hunya',NULL,NULL,NULL),(1406,'5556','Örménykút',NULL,NULL,NULL),(1407,'5561','Békésszentandrás',NULL,NULL,NULL),(1408,'5600','Békéscsaba',NULL,NULL,NULL),(1409,'5609','Csabaszabadi ',NULL,NULL,NULL),(1410,'5621','Csárdaszállás',NULL,NULL,NULL),(1411,'5622','Köröstarcsa',NULL,NULL,NULL),(1412,'5623','Békéscsaba, Gerla',NULL,NULL,NULL),(1413,'5624','Doboz',NULL,NULL,NULL),(1414,'5630','Békés',NULL,NULL,NULL),(1415,'5641','Tarhos',NULL,NULL,NULL),(1416,'5643','Bélmegyer',NULL,NULL,NULL),(1417,'5650','Mezőberény',NULL,NULL,NULL),(1418,'5661','Újkígyós',NULL,NULL,NULL),(1419,'5662','Csanádapáca',NULL,NULL,NULL),(1420,'5663','Medgyesbodzás',NULL,NULL,NULL),(1421,'5664','Medgyesbodzás, Gábortelep',NULL,NULL,NULL),(1422,'5665','Pusztaottlaka',NULL,NULL,NULL),(1423,'5666','Medgyesegyháza  ',NULL,NULL,NULL),(1424,'5667','Magyarbánhegyes',NULL,NULL,NULL),(1425,'5668','Nagybánhegyes',NULL,NULL,NULL),(1426,'5671','Békéscsaba, Mezőmegyer',NULL,NULL,NULL),(1427,'5672','Murony',NULL,NULL,NULL),(1428,'5673','Kamut',NULL,NULL,NULL),(1429,'5674','Kétsoprony',NULL,NULL,NULL),(1430,'5675','Telekgerendás',NULL,NULL,NULL),(1431,'5700','Gyula',NULL,NULL,NULL),(1432,'5711','Gyula, Gyulavári',NULL,NULL,NULL),(1433,'5712','Szabadkígyós',NULL,NULL,NULL),(1434,'5720','Sarkad',NULL,NULL,NULL),(1435,'5725','Kötegyán',NULL,NULL,NULL),(1436,'5726','Méhkerék',NULL,NULL,NULL),(1437,'5727','Újszalonta',NULL,NULL,NULL),(1438,'5731','Sarkadkeresztúr',NULL,NULL,NULL),(1439,'5732','Mezőgyán',NULL,NULL,NULL),(1440,'5734','Geszt',NULL,NULL,NULL),(1441,'5741','Kétegyháza',NULL,NULL,NULL),(1442,'5742','Elek',NULL,NULL,NULL),(1443,'5743','Lőkösháza',NULL,NULL,NULL),(1444,'5744','Kevermes',NULL,NULL,NULL),(1445,'5745','Dombiratos',NULL,NULL,NULL),(1446,'5746','Kunágota',NULL,NULL,NULL),(1447,'5747','Almáskamarás',NULL,NULL,NULL),(1448,'5751','Nagykamarás',NULL,NULL,NULL),(1449,'5752','Medgyesegyháza, Bánkút',NULL,NULL,NULL),(1450,'5800','Mezőkovácsháza',NULL,NULL,NULL),(1451,'5811','Végegyháza',NULL,NULL,NULL),(1452,'5820','Mezőhegyes',NULL,NULL,NULL),(1453,'5830','Battonya',NULL,NULL,NULL),(1454,'5836','Dombegyház',NULL,NULL,NULL),(1455,'5837','Kisdombegyház',NULL,NULL,NULL),(1456,'5838','Magyardombegyház',NULL,NULL,NULL),(1457,'5900','Orosháza',NULL,NULL,NULL),(1458,'5903','Orosháza, Rákóczitelep',NULL,NULL,NULL),(1459,'5904','Orosháza, Gyopárosfürdő',NULL,NULL,NULL),(1460,'5905','Orosháza, Szentetornya',NULL,NULL,NULL),(1461,'5919','Pusztaföldvár',NULL,NULL,NULL),(1462,'5920','Csorvás',NULL,NULL,NULL),(1463,'5925','Gerendás',NULL,NULL,NULL),(1464,'5931','Nagyszénás',NULL,NULL,NULL),(1465,'5932','Gádoros',NULL,NULL,NULL),(1466,'5940','Tótkomlós',NULL,NULL,NULL),(1467,'5945','Kardoskút',NULL,NULL,NULL),(1468,'5946','Békéssámson',NULL,NULL,NULL),(1469,'5948','Kaszaper',NULL,NULL,NULL),(1470,'6000','Kecskemét',NULL,NULL,NULL),(1471,'6008','Kecskemét, Méntelek',NULL,NULL,NULL),(1472,'6031','Szentkirály',NULL,NULL,NULL),(1473,'6032','Nyárlőrinc',NULL,NULL,NULL),(1474,'6033','Városföld',NULL,NULL,NULL),(1475,'6034','Helvécia',NULL,NULL,NULL),(1476,'6035','Ballószög',NULL,NULL,NULL),(1477,'6041','Kerekegyháza',NULL,NULL,NULL),(1478,'6042','Fülöpháza',NULL,NULL,NULL),(1479,'6043','Kunbaracs',NULL,NULL,NULL),(1480,'6044','Kecskemét, Hetényegyháza',NULL,NULL,NULL),(1481,'6045','Ladánybene',NULL,NULL,NULL),(1482,'6050','Lajosmizse',NULL,NULL,NULL),(1483,'6055','Felsőlajos ',NULL,NULL,NULL),(1484,'6060','Tiszakécske',NULL,NULL,NULL),(1485,'6062','Tiszakécske, Tiszabög',NULL,NULL,NULL),(1486,'6064','Tiszaug',NULL,NULL,NULL),(1487,'6065','Lakitelek',NULL,NULL,NULL),(1488,'6066','Tiszaalpár, Alpár',NULL,NULL,NULL),(1489,'6067','Tiszaalpár, Tiszaújfalu',NULL,NULL,NULL),(1490,'6070','Izsák',NULL,NULL,NULL),(1491,'6075','Páhi',NULL,NULL,NULL),(1492,'6076','Ágasegyháza',NULL,NULL,NULL),(1493,'6077','Orgovány',NULL,NULL,NULL),(1494,'6078','Jakabszállás',NULL,NULL,NULL),(1495,'6080','Szabadszállás',NULL,NULL,NULL),(1496,'6085','Fülöpszállás',NULL,NULL,NULL),(1497,'6086','Szalkszentmárton',NULL,NULL,NULL),(1498,'6087','Dunavecse',NULL,NULL,NULL),(1499,'6088','Apostag',NULL,NULL,NULL),(1500,'6090','Kunszentmiklós ',NULL,NULL,NULL),(1501,'6096','Kunpeszér',NULL,NULL,NULL),(1502,'6097','Kunadacs',NULL,NULL,NULL),(1503,'6098','Tass',NULL,NULL,NULL),(1504,'6100','Kiskunfélegyháza',NULL,NULL,NULL),(1505,'6111','Gátér',NULL,NULL,NULL),(1506,'6112','Pálmonostora',NULL,NULL,NULL),(1507,'6113','Petőfiszállás',NULL,NULL,NULL),(1508,'6114','Bugac',NULL,NULL,NULL),(1509,'6114','Bugacpusztaháza',NULL,NULL,NULL),(1510,'6115','Kunszállás',NULL,NULL,NULL),(1511,'6116','Fülöpjakab ',NULL,NULL,NULL),(1512,'6120','Kiskunmajsa',NULL,NULL,NULL),(1513,'6131','Szank',NULL,NULL,NULL),(1514,'6132','Móricgát ',NULL,NULL,NULL),(1515,'6133','Jászszentlászló',NULL,NULL,NULL),(1516,'6134','Kömpöc',NULL,NULL,NULL),(1517,'6135','Csólyospálos',NULL,NULL,NULL),(1518,'6136','Harkakötöny',NULL,NULL,NULL),(1519,'6200','Kiskőrös',NULL,NULL,NULL),(1520,'6211','Kaskantyú',NULL,NULL,NULL),(1521,'6221','Akasztó',NULL,NULL,NULL),(1522,'6222','Csengőd',NULL,NULL,NULL),(1523,'6223','Soltszentimre',NULL,NULL,NULL),(1524,'6224','Tabdi',NULL,NULL,NULL),(1525,'6230','Soltvadkert',NULL,NULL,NULL),(1526,'6235','Bócsa',NULL,NULL,NULL),(1527,'6236','Tázlár',NULL,NULL,NULL),(1528,'6237','Kecel',NULL,NULL,NULL),(1529,'6238','Imrehegy',NULL,NULL,NULL),(1530,'6239','Császártöltés',NULL,NULL,NULL),(1531,'6300','Kalocsa',NULL,NULL,NULL),(1532,'6311','Öregcsertő',NULL,NULL,NULL),(1533,'6320','Solt',NULL,NULL,NULL),(1534,'6321','Újsolt',NULL,NULL,NULL),(1535,'6323','Dunaegyháza',NULL,NULL,NULL),(1536,'6325','Dunatetétlen',NULL,NULL,NULL),(1537,'6326','Harta ',NULL,NULL,NULL),(1538,'6327','Harta, Állampuszta',NULL,NULL,NULL),(1539,'6328','Dunapataj',NULL,NULL,NULL),(1540,'6331','Foktő',NULL,NULL,NULL),(1541,'6332','Uszód',NULL,NULL,NULL),(1542,'6333','Dunaszentbenedek',NULL,NULL,NULL),(1543,'6334','Géderlak',NULL,NULL,NULL),(1544,'6335','Ordas',NULL,NULL,NULL),(1545,'6336','Szakmár',NULL,NULL,NULL),(1546,'6337','Újtelek',NULL,NULL,NULL),(1547,'6341','Homokmégy',NULL,NULL,NULL),(1548,'6342','Drágszél',NULL,NULL,NULL),(1549,'6343','Miske',NULL,NULL,NULL),(1550,'6344','Hajós',NULL,NULL,NULL),(1551,'6345','Nemesnádudvar',NULL,NULL,NULL),(1552,'6346','Sükösd',NULL,NULL,NULL),(1553,'6347','Érsekcsanád',NULL,NULL,NULL),(1554,'6348','Érsekhalma',NULL,NULL,NULL),(1555,'6351','Bátya',NULL,NULL,NULL),(1556,'6352','Fajsz',NULL,NULL,NULL),(1557,'6353','Dusnok',NULL,NULL,NULL),(1558,'6400','Kiskunhalas',NULL,NULL,NULL),(1559,'6411','Zsana',NULL,NULL,NULL),(1560,'6412','Balotaszállás',NULL,NULL,NULL),(1561,'6413','Kunfehértó',NULL,NULL,NULL),(1562,'6414','Pirtó',NULL,NULL,NULL),(1563,'6421','Kisszállás',NULL,NULL,NULL),(1564,'6422','Tompa',NULL,NULL,NULL),(1565,'6423','Kelebia',NULL,NULL,NULL),(1566,'6424','Csikéria',NULL,NULL,NULL),(1567,'6425','Bácsszőlős',NULL,NULL,NULL),(1568,'6430','Bácsalmás',NULL,NULL,NULL),(1569,'6435','Kunbaja',NULL,NULL,NULL),(1570,'6440','Jánoshalma',NULL,NULL,NULL),(1571,'6444','Kéleshalom ',NULL,NULL,NULL),(1572,'6445','Borota',NULL,NULL,NULL),(1573,'6446','Rém',NULL,NULL,NULL),(1574,'6447','Felsőszentiván',NULL,NULL,NULL),(1575,'6448','Csávoly',NULL,NULL,NULL),(1576,'6449','Mélykút',NULL,NULL,NULL),(1577,'6451','Tataháza',NULL,NULL,NULL),(1578,'6452','Mátételke',NULL,NULL,NULL),(1579,'6453','Bácsbokod',NULL,NULL,NULL),(1580,'6454','Bácsborsód',NULL,NULL,NULL),(1581,'6455','Katymár',NULL,NULL,NULL),(1582,'6456','Madaras',NULL,NULL,NULL),(1583,'6500','Baja',NULL,NULL,NULL),(1584,'6503','Baja, Bajaszentistván',NULL,NULL,NULL),(1585,'6511','Bácsszentgyörgy',NULL,NULL,NULL),(1586,'6512','Szeremle',NULL,NULL,NULL),(1587,'6513','Dunafalva',NULL,NULL,NULL),(1588,'6521','Vaskút',NULL,NULL,NULL),(1589,'6522','Gara',NULL,NULL,NULL),(1590,'6523','Csátalja',NULL,NULL,NULL),(1591,'6524','Dávod',NULL,NULL,NULL),(1592,'6525','Hercegszántó',NULL,NULL,NULL),(1593,'6527','Nagybaracska',NULL,NULL,NULL),(1594,'6528','Bátmonostor',NULL,NULL,NULL),(1595,'6600','Szentes',NULL,NULL,NULL),(1596,'6612','Nagytőke',NULL,NULL,NULL),(1597,'6621','Derekegyház',NULL,NULL,NULL),(1598,'6622','Nagymágocs',NULL,NULL,NULL),(1599,'6623','Árpádhalom',NULL,NULL,NULL),(1600,'6624','Eperjes',NULL,NULL,NULL),(1601,'6625','Fábiánsebestyén',NULL,NULL,NULL),(1602,'6630','Mindszent',NULL,NULL,NULL),(1603,'6635','Szegvár',NULL,NULL,NULL),(1604,'6636','Mártély',NULL,NULL,NULL),(1605,'6640','Csongrád',NULL,NULL,NULL),(1606,'6645','Felgyő',NULL,NULL,NULL),(1607,'6646','Tömörkény',NULL,NULL,NULL),(1608,'6647','Csanytelek',NULL,NULL,NULL),(1609,'6648','Csongrád, Bokros',NULL,NULL,NULL),(1610,'6700','Szeged',NULL,NULL,NULL),(1611,'6750','Algyő',NULL,NULL,NULL),(1612,'6754','Újszentiván',NULL,NULL,NULL),(1613,'6755','Kübekháza',NULL,NULL,NULL),(1614,'6756','Tiszasziget',NULL,NULL,NULL),(1615,'6758','Röszke',NULL,NULL,NULL),(1616,'6760','Kistelek',NULL,NULL,NULL),(1617,'6762','Sándorfalva',NULL,NULL,NULL),(1618,'6763','Szatymaz',NULL,NULL,NULL),(1619,'6764','Balástya',NULL,NULL,NULL),(1620,'6765','Csengele',NULL,NULL,NULL),(1621,'6766','Dóc',NULL,NULL,NULL),(1622,'6767','Ópusztaszer',NULL,NULL,NULL),(1623,'6768','Baks',NULL,NULL,NULL),(1624,'6769','Pusztaszer',NULL,NULL,NULL),(1625,'6772','Deszk',NULL,NULL,NULL),(1626,'6773','Klárafalva',NULL,NULL,NULL),(1627,'6774','Ferencszállás',NULL,NULL,NULL),(1628,'6775','Kiszombor',NULL,NULL,NULL),(1629,'6781','Domaszék',NULL,NULL,NULL),(1630,'6782','Mórahalom',NULL,NULL,NULL),(1631,'6783','Ásotthalom',NULL,NULL,NULL),(1632,'6784','Öttömös',NULL,NULL,NULL),(1633,'6785','Pusztamérges',NULL,NULL,NULL),(1634,'6786','Ruzsa',NULL,NULL,NULL),(1635,'6787','Zákányszék',NULL,NULL,NULL),(1636,'6792','Zsombó',NULL,NULL,NULL),(1637,'6793','Forráskút',NULL,NULL,NULL),(1638,'6794','Üllés',NULL,NULL,NULL),(1639,'6795','Bordány',NULL,NULL,NULL),(1640,'6800','Hódmezővásárhely',NULL,NULL,NULL),(1641,'6805','Hódmezővásárhely, Kútvölgy',NULL,NULL,NULL),(1642,'6806','Hódmezővásárhely, Szikáncs',NULL,NULL,NULL),(1643,'6821','Székkutas',NULL,NULL,NULL),(1644,'6900','Makó',NULL,NULL,NULL),(1645,'6903','Makó, Rákos',NULL,NULL,NULL),(1646,'6911','Királyhegyes',NULL,NULL,NULL),(1647,'6912','Kövegy',NULL,NULL,NULL),(1648,'6913','Csanádpalota',NULL,NULL,NULL),(1649,'6914','Pitvaros',NULL,NULL,NULL),(1650,'6915','Csanádalberti',NULL,NULL,NULL),(1651,'6916','Ambrózfalva',NULL,NULL,NULL),(1652,'6917','Nagyér',NULL,NULL,NULL),(1653,'6921','Maroslele',NULL,NULL,NULL),(1654,'6922','Földeák',NULL,NULL,NULL),(1655,'6923','Óföldeák',NULL,NULL,NULL),(1656,'6931','Apátfalva',NULL,NULL,NULL),(1657,'6932','Magyarcsanád',NULL,NULL,NULL),(1658,'6933','Nagylak',NULL,NULL,NULL),(1659,'7000','Sárbogárd',NULL,NULL,NULL),(1660,'7003','Sárbogárd, Sárszentmiklós',NULL,NULL,NULL),(1661,'7011','Alap',NULL,NULL,NULL),(1662,'7012','Alsószentiván',NULL,NULL,NULL),(1663,'7013','Cece',NULL,NULL,NULL),(1664,'7014','Sáregres',NULL,NULL,NULL),(1665,'7015','Igar',NULL,NULL,NULL),(1666,'7016','Igar, Vámszőlőhegy',NULL,NULL,NULL),(1667,'7017','Mezőszilas',NULL,NULL,NULL),(1668,'7018','Sárbogárd, Pusztaegres',NULL,NULL,NULL),(1669,'7019','Sárbogárd, Sárhatvan',NULL,NULL,NULL),(1670,'7020','Dunaföldvár',NULL,NULL,NULL),(1671,'7025','Bölcske',NULL,NULL,NULL),(1672,'7026','Madocsa',NULL,NULL,NULL),(1673,'7027','Paks, Dunakömlőd',NULL,NULL,NULL),(1674,'7030','Paks',NULL,NULL,NULL),(1675,'7038','Pusztahencse',NULL,NULL,NULL),(1676,'7039','Németkér',NULL,NULL,NULL),(1677,'7041','Vajta',NULL,NULL,NULL),(1678,'7042','Pálfa',NULL,NULL,NULL),(1679,'7043','Bikács',NULL,NULL,NULL),(1680,'7044','Nagydorog',NULL,NULL,NULL),(1681,'7045','Györköny',NULL,NULL,NULL),(1682,'7047','Sárszentlőrinc',NULL,NULL,NULL),(1683,'7051','Kajdacs',NULL,NULL,NULL),(1684,'7052','Kölesd',NULL,NULL,NULL),(1685,'7054','Tengelic',NULL,NULL,NULL),(1686,'7056','Szedres',NULL,NULL,NULL),(1687,'7057','Medina',NULL,NULL,NULL),(1688,'7061','Belecska',NULL,NULL,NULL),(1689,'7062','Keszőhidegkút',NULL,NULL,NULL),(1690,'7063','Szárazd',NULL,NULL,NULL),(1691,'7064','Gyönk',NULL,NULL,NULL),(1692,'7065','Miszla',NULL,NULL,NULL),(1693,'7066','Udvari',NULL,NULL,NULL),(1694,'7067','Varsád',NULL,NULL,NULL),(1695,'7068','Kistormás',NULL,NULL,NULL),(1696,'7071','Szakadát',NULL,NULL,NULL),(1697,'7072','Diósberény',NULL,NULL,NULL),(1698,'7081','Simontornya',NULL,NULL,NULL),(1699,'7082','Kisszékely',NULL,NULL,NULL),(1700,'7083','Tolnanémedi',NULL,NULL,NULL),(1701,'7084','Pincehely',NULL,NULL,NULL),(1702,'7085','Nagyszékely',NULL,NULL,NULL),(1703,'7086','Ozora',NULL,NULL,NULL),(1704,'7087','Fürged',NULL,NULL,NULL),(1705,'7090','Tamási',NULL,NULL,NULL),(1706,'7091','Pári',NULL,NULL,NULL),(1707,'7092','Nagykónyi',NULL,NULL,NULL),(1708,'7093','Értény',NULL,NULL,NULL),(1709,'7094','Koppányszántó',NULL,NULL,NULL),(1710,'7095','Iregszemcse',NULL,NULL,NULL),(1711,'7095','Újireg',NULL,NULL,NULL),(1712,'7097','Nagyszokoly',NULL,NULL,NULL),(1713,'7098','Magyarkeszi',NULL,NULL,NULL),(1714,'7099','Felsőnyék',NULL,NULL,NULL),(1715,'7100','Szekszárd',NULL,NULL,NULL),(1716,'7121','Szálka',NULL,NULL,NULL),(1717,'7122','Kakasd',NULL,NULL,NULL),(1718,'7130','Tolna',NULL,NULL,NULL),(1719,'7131','Tolna, Mözs',NULL,NULL,NULL),(1720,'7132','Bogyiszló',NULL,NULL,NULL),(1721,'7133','Fadd',NULL,NULL,NULL),(1722,'7134','Gerjen',NULL,NULL,NULL),(1723,'7135','Dunaszentgyörgy',NULL,NULL,NULL),(1724,'7136','Fácánkert',NULL,NULL,NULL),(1725,'7140','Bátaszék',NULL,NULL,NULL),(1726,'7142','Pörböly',NULL,NULL,NULL),(1727,'7143','Őcsény',NULL,NULL,NULL),(1728,'7144','Decs',NULL,NULL,NULL),(1729,'7145','Sárpilis',NULL,NULL,NULL),(1730,'7146','Várdomb',NULL,NULL,NULL),(1731,'7147','Alsónána',NULL,NULL,NULL),(1732,'7148','Alsónyék',NULL,NULL,NULL),(1733,'7149','Báta',NULL,NULL,NULL),(1734,'7150','Bonyhád',NULL,NULL,NULL),(1735,'7158','Bonyhádvarasd',NULL,NULL,NULL),(1736,'7159','Kisdorog',NULL,NULL,NULL),(1737,'7161','Cikó',NULL,NULL,NULL),(1738,'7162','Grábóc',NULL,NULL,NULL),(1739,'7163','Mőcsény',NULL,NULL,NULL),(1740,'7164','Bátaapáti',NULL,NULL,NULL),(1741,'7165','Mórágy',NULL,NULL,NULL),(1742,'7171','Sióagárd',NULL,NULL,NULL),(1743,'7172','Harc',NULL,NULL,NULL),(1744,'7173','Zomba',NULL,NULL,NULL),(1745,'7174','Kéty',NULL,NULL,NULL),(1746,'7175','Felsőnána',NULL,NULL,NULL),(1747,'7176','Murga',NULL,NULL,NULL),(1748,'7181','Tevel',NULL,NULL,NULL),(1749,'7182','Závod',NULL,NULL,NULL),(1750,'7183','Kisvejke',NULL,NULL,NULL),(1751,'7184','Lengyel',NULL,NULL,NULL),(1752,'7185','Mucsfa',NULL,NULL,NULL),(1753,'7186','Aparhant',NULL,NULL,NULL),(1754,'7186','Nagyvejke',NULL,NULL,NULL),(1755,'7187','Bonyhád, Majos',NULL,NULL,NULL),(1756,'7188','Szárász',NULL,NULL,NULL),(1757,'7191','Hőgyész',NULL,NULL,NULL),(1758,'7192','Szakály',NULL,NULL,NULL),(1759,'7193','Regöly',NULL,NULL,NULL),(1760,'7194','Kalaznó',NULL,NULL,NULL),(1761,'7195','Mucsi',NULL,NULL,NULL),(1762,'7200','Dombóvár',NULL,NULL,NULL),(1763,'7211','Dalmand',NULL,NULL,NULL),(1764,'7212','Kocsola',NULL,NULL,NULL),(1765,'7213','Szakcs',NULL,NULL,NULL),(1766,'7214','Lápafő',NULL,NULL,NULL),(1767,'7214','Várong',NULL,NULL,NULL),(1768,'7215','Nak',NULL,NULL,NULL),(1769,'7224','Dúzs',NULL,NULL,NULL),(1770,'7225','Csibrák',NULL,NULL,NULL),(1771,'7226','Kurd',NULL,NULL,NULL),(1772,'7227','Gyulaj',NULL,NULL,NULL),(1773,'7228','Döbrököz',NULL,NULL,NULL),(1774,'7251','Kapospula',NULL,NULL,NULL),(1775,'7252','Attala',NULL,NULL,NULL),(1776,'7253','Csoma',NULL,NULL,NULL),(1777,'7253','Szabadi',NULL,NULL,NULL),(1778,'7255','Nagyberki',NULL,NULL,NULL),(1779,'7256','Kercseliget',NULL,NULL,NULL),(1780,'7257','Mosdós',NULL,NULL,NULL),(1781,'7258','Baté',NULL,NULL,NULL),(1782,'7258','Kaposkeresztúr',NULL,NULL,NULL),(1783,'7261','Taszár',NULL,NULL,NULL),(1784,'7261','Kaposhomok',NULL,NULL,NULL),(1785,'7271','Fonó',NULL,NULL,NULL),(1786,'7272','Gölle',NULL,NULL,NULL),(1787,'7273','Büssü',NULL,NULL,NULL),(1788,'7274','Kazsok',NULL,NULL,NULL),(1789,'7275','Igal',NULL,NULL,NULL),(1790,'7276','Somogyszil',NULL,NULL,NULL),(1791,'7276','Gadács',NULL,NULL,NULL),(1792,'7279','Kisgyalán',NULL,NULL,NULL),(1793,'7281','Bonnya',NULL,NULL,NULL),(1794,'7282','Kisbárapáti',NULL,NULL,NULL),(1795,'7282','Fiad',NULL,NULL,NULL),(1796,'7283','Somogyacsa',NULL,NULL,NULL),(1797,'7284','Somogydöröcske',NULL,NULL,NULL),(1798,'7285','Törökkoppány',NULL,NULL,NULL),(1799,'7285','Kára',NULL,NULL,NULL),(1800,'7285','Szorosad',NULL,NULL,NULL),(1801,'7300','Komló',NULL,NULL,NULL),(1802,'7304','Mánfa ',NULL,NULL,NULL),(1803,'7305','Mecsekpölöske',NULL,NULL,NULL),(1804,'7331','Liget',NULL,NULL,NULL),(1805,'7332','Magyaregregy',NULL,NULL,NULL),(1806,'7333','Kárász',NULL,NULL,NULL),(1807,'7333','Vékény',NULL,NULL,NULL),(1808,'7334','Szalatnak',NULL,NULL,NULL),(1809,'7334','Köblény',NULL,NULL,NULL),(1810,'7341','Csikóstőttős',NULL,NULL,NULL),(1811,'7342','Mágocs',NULL,NULL,NULL),(1812,'7343','Nagyhajmás',NULL,NULL,NULL),(1813,'7344','Mekényes',NULL,NULL,NULL),(1814,'7345','Alsómocsolád',NULL,NULL,NULL),(1815,'7346','Bikal',NULL,NULL,NULL),(1816,'7347','Egyházaskozár',NULL,NULL,NULL),(1817,'7348','Hegyhátmaróc',NULL,NULL,NULL),(1818,'7348','Tófű',NULL,NULL,NULL),(1819,'7349','Szászvár',NULL,NULL,NULL),(1820,'7351','Máza',NULL,NULL,NULL),(1821,'7352','Györe',NULL,NULL,NULL),(1822,'7353','Izmény',NULL,NULL,NULL),(1823,'7354','Váralja',NULL,NULL,NULL),(1824,'7355','Nagymányok',NULL,NULL,NULL),(1825,'7356','Kismányok',NULL,NULL,NULL),(1826,'7357','Jágónak',NULL,NULL,NULL),(1827,'7361','Kaposszekcső',NULL,NULL,NULL),(1828,'7362','Vásárosdombó',NULL,NULL,NULL),(1829,'7362','Gerényes',NULL,NULL,NULL),(1830,'7362','Tarrós',NULL,NULL,NULL),(1831,'7370','Sásd',NULL,NULL,NULL),(1832,'7370','Felsőegerszeg',NULL,NULL,NULL),(1833,'7370','Meződ',NULL,NULL,NULL),(1834,'7370','Oroszló',NULL,NULL,NULL),(1835,'7370','Palé',NULL,NULL,NULL),(1836,'7370','Varga',NULL,NULL,NULL),(1837,'7370','Vázsnok',NULL,NULL,NULL),(1838,'7381','Kisvaszar',NULL,NULL,NULL),(1839,'7381','Ág',NULL,NULL,NULL),(1840,'7381','Tékes',NULL,NULL,NULL),(1841,'7383','Tormás',NULL,NULL,NULL),(1842,'7383','Baranyaszentgyörgy',NULL,NULL,NULL),(1843,'7383','Szágy',NULL,NULL,NULL),(1844,'7384','Baranyajenő',NULL,NULL,NULL),(1845,'7385','Gödre, Gödreszentmárton ',NULL,NULL,NULL),(1846,'7386','Gödre, Gödrekeresztúr',NULL,NULL,NULL),(1847,'7391','Mindszentgodisa',NULL,NULL,NULL),(1848,'7391','Kisbeszterce',NULL,NULL,NULL),(1849,'7391','Kishajmás',NULL,NULL,NULL),(1850,'7393','Bakóca',NULL,NULL,NULL),(1851,'7394','Magyarhertelend',NULL,NULL,NULL),(1852,'7394','Bodolyabér',NULL,NULL,NULL),(1853,'7396','Magyarszék',NULL,NULL,NULL),(1854,'7400','Kaposvár',NULL,NULL,NULL),(1855,'7400','Zselickislak',NULL,NULL,NULL),(1856,'7431','Juta',NULL,NULL,NULL),(1857,'7432','Hetes',NULL,NULL,NULL),(1858,'7432','Csombárd',NULL,NULL,NULL),(1859,'7434','Mezőcsokonya',NULL,NULL,NULL),(1860,'7435','Somogysárd',NULL,NULL,NULL),(1861,'7436','Újvárfalva',NULL,NULL,NULL),(1862,'7439','Bodrog',NULL,NULL,NULL),(1863,'7441','Magyaregres',NULL,NULL,NULL),(1864,'7442','Várda',NULL,NULL,NULL),(1865,'7443','Somogyjád',NULL,NULL,NULL),(1866,'7443','Alsóbogát',NULL,NULL,NULL),(1867,'7443','Edde',NULL,NULL,NULL),(1868,'7444','Osztopán',NULL,NULL,NULL),(1869,'7452','Somogyaszaló',NULL,NULL,NULL),(1870,'7451','Kaposvár, Kaposfüred',NULL,NULL,NULL),(1871,'7453','Mernye',NULL,NULL,NULL),(1872,'7454','Somodor',NULL,NULL,NULL),(1873,'7455','Somogygeszti',NULL,NULL,NULL),(1874,'7456','Felsőmocsolád',NULL,NULL,NULL),(1875,'7457','Ecseny',NULL,NULL,NULL),(1876,'7458','Polány',NULL,NULL,NULL),(1877,'7461','Orci',NULL,NULL,NULL),(1878,'7463','Magyaratád',NULL,NULL,NULL),(1879,'7463','Patalom',NULL,NULL,NULL),(1880,'7464','Ráksi',NULL,NULL,NULL),(1881,'7465','Szentgáloskér',NULL,NULL,NULL),(1882,'7471','Zimány',NULL,NULL,NULL),(1883,'7472','Szentbalázs',NULL,NULL,NULL),(1884,'7472','Cserénfa',NULL,NULL,NULL),(1885,'7473','Gálosfa',NULL,NULL,NULL),(1886,'7473','Hajmás',NULL,NULL,NULL),(1887,'7473','Kaposgyarmat',NULL,NULL,NULL),(1888,'7474','Simonfa',NULL,NULL,NULL),(1889,'7474','Zselicszentpál',NULL,NULL,NULL),(1890,'7475','Bőszénfa',NULL,NULL,NULL),(1891,'7476','Kaposszerdahely',NULL,NULL,NULL),(1892,'7477','Szenna',NULL,NULL,NULL),(1893,'7477','Patca',NULL,NULL,NULL),(1894,'7477','Szilvásszentmárton',NULL,NULL,NULL),(1895,'7477','Zselickisfalud',NULL,NULL,NULL),(1896,'7478','Bárdudvarnok',NULL,NULL,NULL),(1897,'7479','Sántos',NULL,NULL,NULL),(1898,'7500','Nagyatád',NULL,NULL,NULL),(1899,'7511','Ötvöskónyi',NULL,NULL,NULL),(1900,'7512','Mike',NULL,NULL,NULL),(1901,'7513','Rinyaszentkirály',NULL,NULL,NULL),(1902,'7514','Tarany',NULL,NULL,NULL),(1903,'7515','Somogyudvarhely',NULL,NULL,NULL),(1904,'7516','Berzence',NULL,NULL,NULL),(1905,'7517','Bolhás',NULL,NULL,NULL),(1906,'7521','Kaposmérő',NULL,NULL,NULL),(1907,'7522','Kaposújlak',NULL,NULL,NULL),(1908,'7523','Kaposfő',NULL,NULL,NULL),(1909,'7523','Kisasszond',NULL,NULL,NULL),(1910,'7524','Kiskorpád',NULL,NULL,NULL),(1911,'7525','Jákó',NULL,NULL,NULL),(1912,'7526','Csököly',NULL,NULL,NULL),(1913,'7527','Gige',NULL,NULL,NULL),(1914,'7527','Rinyakovácsi',NULL,NULL,NULL),(1915,'7530','Kadarkút',NULL,NULL,NULL),(1916,'7530','Kőkút',NULL,NULL,NULL),(1917,'7532','Hencse',NULL,NULL,NULL),(1918,'7533','Hedrehely',NULL,NULL,NULL),(1919,'7533','Visnye',NULL,NULL,NULL),(1920,'7535','Lad',NULL,NULL,NULL),(1921,'7536','Patosfa',NULL,NULL,NULL),(1922,'7537','Homokszentgyörgy',NULL,NULL,NULL),(1923,'7538','Kálmáncsa',NULL,NULL,NULL),(1924,'7539','Szulok',NULL,NULL,NULL),(1925,'7541','Kutas',NULL,NULL,NULL),(1926,'7542','Kisbajom',NULL,NULL,NULL),(1927,'7543','Beleg',NULL,NULL,NULL),(1928,'7544','Szabás',NULL,NULL,NULL),(1929,'7545','Nagykorpád',NULL,NULL,NULL),(1930,'7551','Lábod',NULL,NULL,NULL),(1931,'7552','Rinyabesenyő',NULL,NULL,NULL),(1932,'7553','Görgeteg',NULL,NULL,NULL),(1933,'7555','Csokonyavisonta',NULL,NULL,NULL),(1934,'7556','Rinyaújlak',NULL,NULL,NULL),(1935,'7557','Barcs, Somogytarnóca',NULL,NULL,NULL),(1936,'7561','Nagybajom',NULL,NULL,NULL),(1937,'7561','Pálmajor',NULL,NULL,NULL),(1938,'7562','Segesd',NULL,NULL,NULL),(1939,'7563','Somogyszob',NULL,NULL,NULL),(1940,'7564','Kaszó',NULL,NULL,NULL),(1941,'7570','Barcs',NULL,NULL,NULL),(1942,'7582','Komlósd',NULL,NULL,NULL),(1943,'7582','Péterhida',NULL,NULL,NULL),(1944,'7584','Babócsa',NULL,NULL,NULL),(1945,'7584','Rinyaújnép',NULL,NULL,NULL),(1946,'7584','Somogyaracs',NULL,NULL,NULL),(1947,'7585','Háromfa',NULL,NULL,NULL),(1948,'7585','Bakháza',NULL,NULL,NULL),(1949,'7586','Bolhó',NULL,NULL,NULL),(1950,'7587','Heresznye',NULL,NULL,NULL),(1951,'7588','Vízvár',NULL,NULL,NULL),(1952,'7589','Bélavár',NULL,NULL,NULL),(1953,'7600','Pécs',NULL,NULL,NULL),(1954,'7639','Kökény',NULL,NULL,NULL),(1955,'7661','Erzsébet',NULL,NULL,NULL),(1956,'7661','Kátoly',NULL,NULL,NULL),(1957,'7661','Kékesd',NULL,NULL,NULL),(1958,'7661','Szellő',NULL,NULL,NULL),(1959,'7663','Máriakéménd',NULL,NULL,NULL),(1960,'7664','Berkesd',NULL,NULL,NULL),(1961,'7664','Pereked',NULL,NULL,NULL),(1962,'7664','Szilágy',NULL,NULL,NULL),(1963,'7666','Pogány',NULL,NULL,NULL),(1964,'7668','Keszü',NULL,NULL,NULL),(1965,'7668','Gyód',NULL,NULL,NULL),(1966,'7671','Bicsérd',NULL,NULL,NULL),(1967,'7671','Aranyosgadány',NULL,NULL,NULL),(1968,'7671','Zók',NULL,NULL,NULL),(1969,'7672','Boda',NULL,NULL,NULL),(1970,'7673','Kővágószőlős',NULL,NULL,NULL),(1971,'7673','Cserkút',NULL,NULL,NULL),(1972,'7675','Bakonya',NULL,NULL,NULL),(1973,'7675','Kővágótöttös',NULL,NULL,NULL),(1974,'7677','Orfű ',NULL,NULL,NULL),(1975,'7678','Abaliget',NULL,NULL,NULL),(1976,'7678','Husztót',NULL,NULL,NULL),(1977,'7678','Kovácsszénája',NULL,NULL,NULL),(1978,'7681','Hetvehely',NULL,NULL,NULL),(1979,'7681','Okorvölgy',NULL,NULL,NULL),(1980,'7681','Szentkatalin',NULL,NULL,NULL),(1981,'7682','Bükkösd',NULL,NULL,NULL),(1982,'7683','Helesfa',NULL,NULL,NULL),(1983,'7683','Cserdi',NULL,NULL,NULL),(1984,'7683','Dinnyeberki',NULL,NULL,NULL),(1985,'7694','Hosszúhetény',NULL,NULL,NULL),(1986,'7695','Mecseknádasd',NULL,NULL,NULL),(1987,'7695','Óbánya',NULL,NULL,NULL),(1988,'7695','Ófalu',NULL,NULL,NULL),(1989,'7696','Hidas',NULL,NULL,NULL),(1990,'7700','Mohács',NULL,NULL,NULL),(1991,'7711','Bár',NULL,NULL,NULL),(1992,'7712','Dunaszekcső',NULL,NULL,NULL),(1993,'7714','Mohács, Újmohács',NULL,NULL,NULL),(1994,'7715','Mohács, Sárhát',NULL,NULL,NULL),(1995,'7716','Homorúd',NULL,NULL,NULL),(1996,'7717','Kölked',NULL,NULL,NULL),(1997,'7718','Udvar',NULL,NULL,NULL),(1998,'7720','Pécsvárad',NULL,NULL,NULL),(1999,'7720','Apátvarasd',NULL,NULL,NULL),(2000,'7720','Lovászhetény',NULL,NULL,NULL),(2001,'7720','Martonfa',NULL,NULL,NULL),(2002,'7720','Zengővárkony',NULL,NULL,NULL),(2003,'7723','Erdősmecske',NULL,NULL,NULL),(2004,'7724','Feked',NULL,NULL,NULL),(2005,'7725','Szebény',NULL,NULL,NULL),(2006,'7726','Véménd',NULL,NULL,NULL),(2007,'7727','Palotabozsok',NULL,NULL,NULL),(2008,'7728','Somberek',NULL,NULL,NULL),(2009,'7728','Görcsönydoboka',NULL,NULL,NULL),(2010,'7731','Nagypall',NULL,NULL,NULL),(2011,'7732','Fazekasboda',NULL,NULL,NULL),(2012,'7733','Geresdlak',NULL,NULL,NULL),(2013,'7733','Maráza',NULL,NULL,NULL),(2014,'7735','Himesháza',NULL,NULL,NULL),(2015,'7735','Erdősmárok',NULL,NULL,NULL),(2016,'7735','Szűr',NULL,NULL,NULL),(2017,'7737','Székelyszabar',NULL,NULL,NULL),(2018,'7741','Nagykozár',NULL,NULL,NULL),(2019,'7742','Bogád',NULL,NULL,NULL),(2020,'7743','Romonya',NULL,NULL,NULL),(2021,'7744','Ellend',NULL,NULL,NULL),(2022,'7745','Olasz',NULL,NULL,NULL),(2023,'7745','Hásságy',NULL,NULL,NULL),(2024,'7747','Belvárdgyula',NULL,NULL,NULL),(2025,'7747','Birján',NULL,NULL,NULL),(2026,'7751','Szederkény',NULL,NULL,NULL),(2027,'7751','Monyoród',NULL,NULL,NULL),(2028,'7752','Versend',NULL,NULL,NULL),(2029,'7753','Szajk',NULL,NULL,NULL),(2030,'7754','Bóly',NULL,NULL,NULL),(2031,'7755','Töttös',NULL,NULL,NULL),(2032,'7756','Borjád',NULL,NULL,NULL),(2033,'7756','Kisbudmér',NULL,NULL,NULL),(2034,'7756','Nagybudmér',NULL,NULL,NULL),(2035,'7756','Pócsa',NULL,NULL,NULL),(2036,'7757','Babarc',NULL,NULL,NULL),(2037,'7757','Liptód',NULL,NULL,NULL),(2038,'7759','Lánycsók',NULL,NULL,NULL),(2039,'7759','Kisnyárád',NULL,NULL,NULL),(2040,'7761','Kozármisleny',NULL,NULL,NULL),(2041,'7761','Lothárd',NULL,NULL,NULL),(2042,'7761','Magyarsarlós',NULL,NULL,NULL),(2043,'7762','Pécsudvard',NULL,NULL,NULL),(2044,'7763','Egerág',NULL,NULL,NULL),(2045,'7763','Áta',NULL,NULL,NULL),(2046,'7763','Kisherend',NULL,NULL,NULL),(2047,'7763','Szemely',NULL,NULL,NULL),(2048,'7763','Szőkéd',NULL,NULL,NULL),(2049,'7766','Újpetre',NULL,NULL,NULL),(2050,'7766','Kiskassa',NULL,NULL,NULL),(2051,'7766','Peterd',NULL,NULL,NULL),(2052,'7766','Pécsdevecser',NULL,NULL,NULL),(2053,'7768','Vokány',NULL,NULL,NULL),(2054,'7768','Kistótfalu',NULL,NULL,NULL),(2055,'7771','Palkonya',NULL,NULL,NULL),(2056,'7772','Villánykövesd',NULL,NULL,NULL),(2057,'7772','Ivánbattyán',NULL,NULL,NULL),(2058,'7773','Villány',NULL,NULL,NULL),(2059,'7773','Kisjakabfalva',NULL,NULL,NULL),(2060,'7774','Márok',NULL,NULL,NULL),(2061,'7775','Magyarbóly',NULL,NULL,NULL),(2062,'7775','Illocska',NULL,NULL,NULL),(2063,'7775','Kislippó',NULL,NULL,NULL),(2064,'7775','Lapáncsa',NULL,NULL,NULL),(2065,'7781','Lippó',NULL,NULL,NULL),(2066,'7781','Ivándárda',NULL,NULL,NULL),(2067,'7781','Sárok',NULL,NULL,NULL),(2068,'7782','Bezedek',NULL,NULL,NULL),(2069,'7783','Majs',NULL,NULL,NULL),(2070,'7784','Nagynyárád',NULL,NULL,NULL),(2071,'7785','Sátorhely',NULL,NULL,NULL),(2072,'7800','Siklós',NULL,NULL,NULL),(2073,'7800','Kisharsány',NULL,NULL,NULL),(2074,'7800','Nagytótfalu',NULL,NULL,NULL),(2075,'7811','Szalánta',NULL,NULL,NULL),(2076,'7811','Bisse',NULL,NULL,NULL),(2077,'7811','Bosta',NULL,NULL,NULL),(2078,'7811','Csarnóta',NULL,NULL,NULL),(2079,'7811','Szilvás',NULL,NULL,NULL),(2080,'7811','Túrony',NULL,NULL,NULL),(2081,'7812','Garé',NULL,NULL,NULL),(2082,'7813','Szava',NULL,NULL,NULL),(2083,'7814','Ócsárd',NULL,NULL,NULL),(2084,'7814','Babarcszőlős',NULL,NULL,NULL),(2085,'7814','Kisdér',NULL,NULL,NULL),(2086,'7814','Siklósbodony',NULL,NULL,NULL),(2087,'7815','Harkány',NULL,NULL,NULL),(2088,'7817','Diósviszló',NULL,NULL,NULL),(2089,'7817','Márfa',NULL,NULL,NULL),(2090,'7817','Rádfalva',NULL,NULL,NULL),(2091,'7822','Nagyharsány',NULL,NULL,NULL),(2092,'7823','Siklósnagyfalu',NULL,NULL,NULL),(2093,'7823','Kistapolca',NULL,NULL,NULL),(2094,'7824','Egyházasharaszti',NULL,NULL,NULL),(2095,'7825','Old',NULL,NULL,NULL),(2096,'7826','Alsószentmárton',NULL,NULL,NULL),(2097,'7827','Beremend',NULL,NULL,NULL),(2098,'7827','Kásád',NULL,NULL,NULL),(2099,'7831','Pellérd',NULL,NULL,NULL),(2100,'7833','Görcsöny',NULL,NULL,NULL),(2101,'7833','Regenye',NULL,NULL,NULL),(2102,'7833','Szőke',NULL,NULL,NULL),(2103,'7834','Baksa',NULL,NULL,NULL),(2104,'7834','Tengeri',NULL,NULL,NULL),(2105,'7834','Téseny',NULL,NULL,NULL),(2106,'7836','Bogádmindszent',NULL,NULL,NULL),(2107,'7836','Ózdfalu',NULL,NULL,NULL),(2108,'7837','Hegyszentmárton',NULL,NULL,NULL),(2109,'7838','Vajszló',NULL,NULL,NULL),(2110,'7838','Besence',NULL,NULL,NULL),(2111,'7838','Hirics',NULL,NULL,NULL),(2112,'7838','Lúzsok',NULL,NULL,NULL),(2113,'7838','Nagycsány',NULL,NULL,NULL),(2114,'7838','Páprád',NULL,NULL,NULL),(2115,'7838','Piskó',NULL,NULL,NULL),(2116,'7838','Vejti',NULL,NULL,NULL),(2117,'7839','Zaláta',NULL,NULL,NULL),(2118,'7839','Kemse',NULL,NULL,NULL),(2119,'7841','Sámod',NULL,NULL,NULL),(2120,'7841','Adorjás',NULL,NULL,NULL),(2121,'7841','Baranyahídvég',NULL,NULL,NULL),(2122,'7841','Kisszentmárton',NULL,NULL,NULL),(2123,'7841','Kórós',NULL,NULL,NULL),(2124,'7843','Kémes',NULL,NULL,NULL),(2125,'7843','Cún',NULL,NULL,NULL),(2126,'7843','Drávapiski',NULL,NULL,NULL),(2127,'7843','Szaporca',NULL,NULL,NULL),(2128,'7843','Tésenfa',NULL,NULL,NULL),(2129,'7846','Drávacsepely',NULL,NULL,NULL),(2130,'7847','Kovácshida',NULL,NULL,NULL),(2131,'7847','Drávaszerdahely',NULL,NULL,NULL),(2132,'7847','Ipacsfa',NULL,NULL,NULL),(2133,'7849','Drávacsehi',NULL,NULL,NULL),(2134,'7850','Drávapalkonya',NULL,NULL,NULL),(2135,'7851','Drávaszabolcs',NULL,NULL,NULL),(2136,'7853','Gordisa',NULL,NULL,NULL),(2137,'7854','Matty',NULL,NULL,NULL),(2138,'7900','Szigetvár',NULL,NULL,NULL),(2139,'7900','Botykapeterd',NULL,NULL,NULL),(2140,'7900','Csertő',NULL,NULL,NULL),(2141,'7912','Nagypeterd',NULL,NULL,NULL),(2142,'7912','Nyugotszenterzsébet',NULL,NULL,NULL),(2143,'7912','Nagyváty',NULL,NULL,NULL),(2144,'7913','Szentdénes',NULL,NULL,NULL),(2145,'7914','Rózsafa',NULL,NULL,NULL),(2146,'7914','Bánfa',NULL,NULL,NULL),(2147,'7914','Katádfa',NULL,NULL,NULL),(2148,'7915','Dencsháza',NULL,NULL,NULL),(2149,'7915','Szentegát',NULL,NULL,NULL),(2150,'7918','Lakócsa',NULL,NULL,NULL),(2151,'7918','Szentborbás',NULL,NULL,NULL),(2152,'7918','Tótújfalu',NULL,NULL,NULL),(2153,'7921','Somogyhatvan',NULL,NULL,NULL),(2154,'7922','Somogyapáti',NULL,NULL,NULL),(2155,'7923','Basal',NULL,NULL,NULL),(2156,'7923','Patapoklosi',NULL,NULL,NULL),(2157,'7924','Somogyviszló',NULL,NULL,NULL),(2158,'7925','Somogyhárságy',NULL,NULL,NULL),(2159,'7925','Magyarlukafa',NULL,NULL,NULL),(2160,'7926','Vásárosbéc',NULL,NULL,NULL),(2161,'7932','Mozsgó',NULL,NULL,NULL),(2162,'7932','Almáskeresztúr',NULL,NULL,NULL),(2163,'7932','Szulimán',NULL,NULL,NULL),(2164,'7934','Almamellék',NULL,NULL,NULL),(2165,'7935','Ibafa',NULL,NULL,NULL),(2166,'7935','Csebény',NULL,NULL,NULL),(2167,'7935','Horváthertelend',NULL,NULL,NULL),(2168,'7936','Szentlászló',NULL,NULL,NULL),(2169,'7937','Boldogasszonyfa',NULL,NULL,NULL),(2170,'7940','Szentlőrinc',NULL,NULL,NULL),(2171,'7940','Csonkamindszent',NULL,NULL,NULL),(2172,'7940','Kacsóta',NULL,NULL,NULL),(2173,'7951','Szabadszentkirály',NULL,NULL,NULL),(2174,'7951','Gerde',NULL,NULL,NULL),(2175,'7951','Pécsbagota',NULL,NULL,NULL),(2176,'7951','Velény',NULL,NULL,NULL),(2177,'7953','Királyegyháza',NULL,NULL,NULL),(2178,'7954','Magyarmecske',NULL,NULL,NULL),(2179,'7954','Gilvánfa',NULL,NULL,NULL),(2180,'7954','Gyöngyfa',NULL,NULL,NULL),(2181,'7954','Kisasszonyfa',NULL,NULL,NULL),(2182,'7954','Magyartelek',NULL,NULL,NULL),(2183,'7957','Okorág ',NULL,NULL,NULL),(2184,'7958','Kákics ',NULL,NULL,NULL),(2185,'7960','Sellye',NULL,NULL,NULL),(2186,'7960','Drávaiványi',NULL,NULL,NULL),(2187,'7960','Drávasztára',NULL,NULL,NULL),(2188,'7960','Marócsa',NULL,NULL,NULL),(2189,'7960','Sósvertike',NULL,NULL,NULL),(2190,'7960','Sumony',NULL,NULL,NULL),(2191,'7964','Csányoszró',NULL,NULL,NULL),(2192,'7966','Bogdása',NULL,NULL,NULL),(2193,'7967','Drávafok',NULL,NULL,NULL),(2194,'7967','Drávakeresztúr',NULL,NULL,NULL),(2195,'7967','Markóc',NULL,NULL,NULL),(2196,'7968','Felsőszentmárton',NULL,NULL,NULL),(2197,'7971','Hobol',NULL,NULL,NULL),(2198,'7972','Gyöngyösmellék',NULL,NULL,NULL),(2199,'7973','Teklafalu',NULL,NULL,NULL),(2200,'7973','Bürüs',NULL,NULL,NULL),(2201,'7973','Endrőc',NULL,NULL,NULL),(2202,'7973','Várad',NULL,NULL,NULL),(2203,'7975','Kétújfalu',NULL,NULL,NULL),(2204,'7976','Zádor',NULL,NULL,NULL),(2205,'7976','Szörény',NULL,NULL,NULL),(2206,'7977','Kastélyosdombó',NULL,NULL,NULL),(2207,'7977','Drávagárdony',NULL,NULL,NULL),(2208,'7977','Potony',NULL,NULL,NULL),(2209,'7979','Drávatamási',NULL,NULL,NULL),(2210,'7980','Pettend',NULL,NULL,NULL),(2211,'7981','Nemeske',NULL,NULL,NULL),(2212,'7981','Kistamási',NULL,NULL,NULL),(2213,'7981','Merenye',NULL,NULL,NULL),(2214,'7981','Molvány',NULL,NULL,NULL),(2215,'7981','Tótszentgyörgy',NULL,NULL,NULL),(2216,'7985','Nagydobsza',NULL,NULL,NULL),(2217,'7985','Kisdobsza',NULL,NULL,NULL),(2218,'7987','Istvándi',NULL,NULL,NULL),(2219,'7988','Darány',NULL,NULL,NULL),(2220,'8000','Székesfehérvár',NULL,NULL,NULL),(2221,'8019','Székesfehérvár, Börgönd',NULL,NULL,NULL),(2222,'8041','Csór',NULL,NULL,NULL),(2223,'8042','Moha',NULL,NULL,NULL),(2224,'8043','Iszkaszentgyörgy',NULL,NULL,NULL),(2225,'8044','Kincsesbánya',NULL,NULL,NULL),(2226,'8045','Isztimér',NULL,NULL,NULL),(2227,'8046','Bakonykúti',NULL,NULL,NULL),(2228,'8051','Sárkeresztes',NULL,NULL,NULL),(2229,'8052','Fehérvárcsurgó',NULL,NULL,NULL),(2230,'8053','Bodajk',NULL,NULL,NULL),(2231,'8054','Balinka, Eszény',NULL,NULL,NULL),(2232,'8055','Balinka',NULL,NULL,NULL),(2233,'8056','Bakonycsernye',NULL,NULL,NULL),(2234,'8060','Mór',NULL,NULL,NULL),(2235,'8065','Nagyveleg',NULL,NULL,NULL),(2236,'8066','Pusztavám',NULL,NULL,NULL),(2237,'8071','Magyaralmás',NULL,NULL,NULL),(2238,'8072','Söréd',NULL,NULL,NULL),(2239,'8073','Csákberény',NULL,NULL,NULL),(2240,'8074','Csókakő',NULL,NULL,NULL),(2241,'8080','Bodmér',NULL,NULL,NULL),(2242,'8081','Zámoly',NULL,NULL,NULL),(2243,'8082','Gánt',NULL,NULL,NULL),(2244,'8083','Csákvár',NULL,NULL,NULL),(2245,'8085','Vértesboglár',NULL,NULL,NULL),(2246,'8086','Felcsút',NULL,NULL,NULL),(2247,'8087','Alcsútdoboz',NULL,NULL,NULL),(2248,'8088','Tabajd',NULL,NULL,NULL),(2249,'8089','Vértesacsa',NULL,NULL,NULL),(2250,'8092','Pátka',NULL,NULL,NULL),(2251,'8093','Lovasberény',NULL,NULL,NULL),(2252,'8095','Pákozd',NULL,NULL,NULL),(2253,'8096','Sukoró',NULL,NULL,NULL),(2254,'8097','Nadap',NULL,NULL,NULL),(2255,'8100','Várpalota',NULL,NULL,NULL),(2256,'8105','Pétfürdő',NULL,NULL,NULL),(2257,'8109','Tés',NULL,NULL,NULL),(2258,'8111','Seregélyes',NULL,NULL,NULL),(2259,'8112','Zichyújfalu',NULL,NULL,NULL),(2260,'8121','Tác',NULL,NULL,NULL),(2261,'8122','Csősz',NULL,NULL,NULL),(2262,'8123','Soponya',NULL,NULL,NULL),(2263,'8124','Káloz',NULL,NULL,NULL),(2264,'8125','Sárkeresztúr',NULL,NULL,NULL),(2265,'8126','Sárszentágota',NULL,NULL,NULL),(2266,'8127','Aba',NULL,NULL,NULL),(2267,'8130','Enying',NULL,NULL,NULL),(2268,'8131','Enying, Balatonbozsok',NULL,NULL,NULL),(2269,'8132','Lepsény',NULL,NULL,NULL),(2270,'8133','Mezőszentgyörgy',NULL,NULL,NULL),(2271,'8134','Mátyásdomb',NULL,NULL,NULL),(2272,'8135','Dég',NULL,NULL,NULL),(2273,'8136','Lajoskomárom',NULL,NULL,NULL),(2274,'8137','Mezőkomárom',NULL,NULL,NULL),(2275,'8138','Szabadhídvég',NULL,NULL,NULL),(2276,'8139','Szabadhídvég, Pélpuszta',NULL,NULL,NULL),(2277,'8142','Úrhida',NULL,NULL,NULL),(2278,'8143','Sárszentmihály',NULL,NULL,NULL),(2279,'8144','Sárkeszi',NULL,NULL,NULL),(2280,'8145','Nádasdladány',NULL,NULL,NULL),(2281,'8146','Jenő',NULL,NULL,NULL),(2282,'8151','Szabadbattyán',NULL,NULL,NULL),(2283,'8152','Kőszárhegy',NULL,NULL,NULL),(2284,'8154','Polgárdi',NULL,NULL,NULL),(2285,'8156','Kisláng',NULL,NULL,NULL),(2286,'8157','Füle',NULL,NULL,NULL),(2287,'8161','Ősi',NULL,NULL,NULL),(2288,'8162','Küngös',NULL,NULL,NULL),(2289,'8163','Csajág',NULL,NULL,NULL),(2290,'8164','Balatonfőkajár',NULL,NULL,NULL),(2291,'8171','Balatonvilágos',NULL,NULL,NULL),(2292,'8172','Balatonakarattya',NULL,NULL,NULL),(2293,'8174','Balatonkenese',NULL,NULL,NULL),(2294,'8175','Balatonfűzfő',NULL,NULL,NULL),(2295,'8181','Berhida',NULL,NULL,NULL),(2296,'8182','Berhida, Peremartongyártelep',NULL,NULL,NULL),(2297,'8183','Papkeszi',NULL,NULL,NULL),(2298,'8184','Balatonfűzfő, Fűzfőgyártelep',NULL,NULL,NULL),(2299,'8191','Öskü',NULL,NULL,NULL),(2300,'8192','Hajmáskér',NULL,NULL,NULL),(2301,'8193','Sóly',NULL,NULL,NULL),(2302,'8194','Vilonya',NULL,NULL,NULL),(2303,'8195','Királyszentistván',NULL,NULL,NULL),(2304,'8196','Litér',NULL,NULL,NULL),(2305,'8200','Veszprém',NULL,NULL,NULL),(2306,'8220','Balatonalmádi',NULL,NULL,NULL),(2307,'8225','Szentkirályszabadja',NULL,NULL,NULL),(2308,'8226','Alsóörs',NULL,NULL,NULL),(2309,'8227','Felsőörs',NULL,NULL,NULL),(2310,'8228','Lovas',NULL,NULL,NULL),(2311,'8229','Csopak',NULL,NULL,NULL),(2312,'8229','Paloznak',NULL,NULL,NULL),(2313,'8230','Balatonfüred',NULL,NULL,NULL),(2314,'8233','Balatonszőlős',NULL,NULL,NULL),(2315,'8237','Tihany',NULL,NULL,NULL),(2316,'8241','Aszófő',NULL,NULL,NULL),(2317,'8242','Balatonudvari',NULL,NULL,NULL),(2318,'8242','Örvényes',NULL,NULL,NULL),(2319,'8243','Balatonakali',NULL,NULL,NULL),(2320,'8244','Dörgicse',NULL,NULL,NULL),(2321,'8245','Pécsely',NULL,NULL,NULL),(2322,'8245','Vászoly',NULL,NULL,NULL),(2323,'8246','Tótvázsony',NULL,NULL,NULL),(2324,'8247','Hidegkút',NULL,NULL,NULL),(2325,'8248','Nemesvámos',NULL,NULL,NULL),(2326,'8248','Veszprémfajsz',NULL,NULL,NULL),(2327,'8251','Zánka ',NULL,NULL,NULL),(2328,'8252','Balatonszepezd',NULL,NULL,NULL),(2329,'8253','Révfülöp',NULL,NULL,NULL),(2330,'8254','Kővágóörs',NULL,NULL,NULL),(2331,'8254','Kékkút',NULL,NULL,NULL),(2332,'8255','Balatonrendes',NULL,NULL,NULL),(2333,'8255','Kővágóörs, Pálköve',NULL,NULL,NULL),(2334,'8256','Ábrahámhegy',NULL,NULL,NULL),(2335,'8256','Salföld',NULL,NULL,NULL),(2336,'8257','Badacsonytomaj, Badacsonyörs',NULL,NULL,NULL),(2337,'8258','Badacsonytomaj',NULL,NULL,NULL),(2338,'8261','Badacsonytomaj, Badacsony',NULL,NULL,NULL),(2339,'8263','Badacsonytördemic',NULL,NULL,NULL),(2340,'8264','Szigliget',NULL,NULL,NULL),(2341,'8265','Hegymagas',NULL,NULL,NULL),(2342,'8271','Mencshely',NULL,NULL,NULL),(2343,'8272','Szentantalfa',NULL,NULL,NULL),(2344,'8272','Balatoncsicsó',NULL,NULL,NULL),(2345,'8272','Óbudavár',NULL,NULL,NULL),(2346,'8272','Szentjakabfa',NULL,NULL,NULL),(2347,'8272','Tagyon',NULL,NULL,NULL),(2348,'8273','Monoszló',NULL,NULL,NULL),(2349,'8274','Köveskál',NULL,NULL,NULL),(2350,'8275','Balatonhenye',NULL,NULL,NULL),(2351,'8281','Szentbékkálla',NULL,NULL,NULL),(2352,'8282','Mindszentkálla',NULL,NULL,NULL),(2353,'8283','Káptalantóti',NULL,NULL,NULL),(2354,'8284','Nemesgulács',NULL,NULL,NULL),(2355,'8284','Kisapáti',NULL,NULL,NULL),(2356,'8286','Gyulakeszi',NULL,NULL,NULL),(2357,'8291','Nagyvázsony',NULL,NULL,NULL),(2358,'8291','Barnag',NULL,NULL,NULL),(2359,'8291','Pula',NULL,NULL,NULL),(2360,'8291','Vöröstó',NULL,NULL,NULL),(2361,'8292','Öcs',NULL,NULL,NULL),(2362,'8294','Kapolcs',NULL,NULL,NULL),(2363,'8294','Vigántpetend',NULL,NULL,NULL),(2364,'8295','Taliándörögd',NULL,NULL,NULL),(2365,'8296','Monostorapáti',NULL,NULL,NULL),(2366,'8296','Hegyesd',NULL,NULL,NULL),(2367,'8297','Tapolca, Diszel',NULL,NULL,NULL),(2368,'8300','Tapolca',NULL,NULL,NULL),(2369,'8300','Raposka',NULL,NULL,NULL),(2370,'8308','Zalahaláp',NULL,NULL,NULL),(2371,'8308','Sáska',NULL,NULL,NULL),(2372,'8311','Nemesvita',NULL,NULL,NULL),(2373,'8312','Balatonederics',NULL,NULL,NULL),(2374,'8313','Balatongyörök',NULL,NULL,NULL),(2375,'8314','Vonyarcvashegy',NULL,NULL,NULL),(2376,'8315','Gyenesdiás',NULL,NULL,NULL),(2377,'8316','Várvölgy',NULL,NULL,NULL),(2378,'8316','Vállus',NULL,NULL,NULL),(2379,'8317','Lesencefalu',NULL,NULL,NULL),(2380,'8318','Lesencetomaj',NULL,NULL,NULL),(2381,'8319','Lesenceistvánd',NULL,NULL,NULL),(2382,'8321','Uzsa',NULL,NULL,NULL),(2383,'8330','Sümeg',NULL,NULL,NULL),(2384,'8341','Mihályfa',NULL,NULL,NULL),(2385,'8341','Kisvásárhely',NULL,NULL,NULL),(2386,'8341','Szalapa',NULL,NULL,NULL),(2387,'8342','Óhíd',NULL,NULL,NULL),(2388,'8344','Zalaerdőd',NULL,NULL,NULL),(2389,'8344','Hetyefő',NULL,NULL,NULL),(2390,'8345','Dabronc',NULL,NULL,NULL),(2391,'8346','Gógánfa',NULL,NULL,NULL),(2392,'8347','Ukk',NULL,NULL,NULL),(2393,'8348','Rigács',NULL,NULL,NULL),(2394,'8348','Megyer',NULL,NULL,NULL),(2395,'8348','Zalameggyes',NULL,NULL,NULL),(2396,'8349','Zalagyömörő',NULL,NULL,NULL),(2397,'8351','Sümegprága',NULL,NULL,NULL),(2398,'8352','Bazsi',NULL,NULL,NULL),(2399,'8353','Zalaszántó',NULL,NULL,NULL),(2400,'8353','Vindornyalak',NULL,NULL,NULL),(2401,'8354','Karmacs',NULL,NULL,NULL),(2402,'8354','Vindornyafok',NULL,NULL,NULL),(2403,'8354','Zalaköveskút',NULL,NULL,NULL),(2404,'8355','Vindornyaszőlős',NULL,NULL,NULL),(2405,'8356','Kisgörbő',NULL,NULL,NULL),(2406,'8356','Nagygörbő',NULL,NULL,NULL),(2407,'8357','Sümegcsehi',NULL,NULL,NULL),(2408,'8357','Döbröce',NULL,NULL,NULL),(2409,'8360','Keszthely',NULL,NULL,NULL),(2410,'8371','Nemesbük',NULL,NULL,NULL),(2411,'8372','Cserszegtomaj',NULL,NULL,NULL),(2412,'8373','Rezi',NULL,NULL,NULL),(2413,'8380','Hévíz',NULL,NULL,NULL),(2414,'8391','Sármellék',NULL,NULL,NULL),(2415,'8392','Zalavár',NULL,NULL,NULL),(2416,'8393','Szentgyörgyvár',NULL,NULL,NULL),(2417,'8394','Alsópáhok',NULL,NULL,NULL),(2418,'8395','Felsőpáhok',NULL,NULL,NULL),(2419,'8400','Ajka',NULL,NULL,NULL),(2420,'8409','Úrkút',NULL,NULL,NULL),(2421,'8411','Veszprém, Kádárta',NULL,NULL,NULL),(2422,'8412','Veszprém, Gyulafirátót',NULL,NULL,NULL),(2423,'8413','Eplény',NULL,NULL,NULL),(2424,'8414','Olaszfalu',NULL,NULL,NULL),(2425,'8415','Nagyesztergár',NULL,NULL,NULL),(2426,'8416','Dudar',NULL,NULL,NULL),(2427,'8417','Csetény',NULL,NULL,NULL),(2428,'8418','Bakonyoszlop',NULL,NULL,NULL),(2429,'8419','Csesznek',NULL,NULL,NULL),(2430,'8420','Zirc',NULL,NULL,NULL),(2431,'8422','Bakonynána',NULL,NULL,NULL),(2432,'8423','Szápár',NULL,NULL,NULL),(2433,'8424','Jásd',NULL,NULL,NULL),(2434,'8425','Lókút',NULL,NULL,NULL),(2435,'8426','Pénzesgyőr',NULL,NULL,NULL),(2436,'8427','Bakonybél',NULL,NULL,NULL),(2437,'8428','Borzavár',NULL,NULL,NULL),(2438,'8429','Porva',NULL,NULL,NULL),(2439,'8430','Bakonyszentkirály',NULL,NULL,NULL),(2440,'8431','Bakonyszentlászló',NULL,NULL,NULL),(2441,'8432','Fenyőfő',NULL,NULL,NULL),(2442,'8433','Bakonygyirót',NULL,NULL,NULL),(2443,'8434','Románd',NULL,NULL,NULL),(2444,'8435','Gic',NULL,NULL,NULL),(2445,'8438','Veszprémvarsány',NULL,NULL,NULL),(2446,'8439','Sikátor',NULL,NULL,NULL),(2447,'8440','Herend',NULL,NULL,NULL),(2448,'8441','Márkó',NULL,NULL,NULL),(2449,'8442','Hárskút',NULL,NULL,NULL),(2450,'8443','Bánd',NULL,NULL,NULL),(2451,'8444','Szentgál',NULL,NULL,NULL),(2452,'8445','Városlőd',NULL,NULL,NULL),(2453,'8445','Csehbánya',NULL,NULL,NULL),(2454,'8446','Kislőd',NULL,NULL,NULL),(2455,'8447','Ajka, Ajkarendek',NULL,NULL,NULL),(2456,'8448','Ajka, Bakonygyepes',NULL,NULL,NULL),(2457,'8449','Magyarpolány',NULL,NULL,NULL),(2458,'8451','Ajka, Padragkút',NULL,NULL,NULL),(2459,'8452','Halimba',NULL,NULL,NULL),(2460,'8452','Szőc',NULL,NULL,NULL),(2461,'8454','Nyirád',NULL,NULL,NULL),(2462,'8455','Pusztamiske',NULL,NULL,NULL),(2463,'8456','Noszlop',NULL,NULL,NULL),(2464,'8457','Bakonypölöske',NULL,NULL,NULL),(2465,'8458','Oroszi',NULL,NULL,NULL),(2466,'8460','Devecser',NULL,NULL,NULL),(2467,'8468','Kolontár',NULL,NULL,NULL),(2468,'8469','Kamond',NULL,NULL,NULL),(2469,'8471','Káptalanfa',NULL,NULL,NULL),(2470,'8471','Bodorfa',NULL,NULL,NULL),(2471,'8471','Nemeshany',NULL,NULL,NULL),(2472,'8473','Gyepükaján',NULL,NULL,NULL),(2473,'8474','Csabrendek',NULL,NULL,NULL),(2474,'8475','Veszprémgalsa',NULL,NULL,NULL),(2475,'8475','Hosztót',NULL,NULL,NULL),(2476,'8475','Szentimrefalva',NULL,NULL,NULL),(2477,'8476','Zalaszegvár',NULL,NULL,NULL),(2478,'8477','Tüskevár',NULL,NULL,NULL),(2479,'8477','Apácatorna',NULL,NULL,NULL),(2480,'8477','Kisberzseny',NULL,NULL,NULL),(2481,'8478','Somlójenő',NULL,NULL,NULL),(2482,'8479','Borszörcsök',NULL,NULL,NULL),(2483,'8481','Somlóvásárhely',NULL,NULL,NULL),(2484,'8482','Doba',NULL,NULL,NULL),(2485,'8483','Somlószőlős',NULL,NULL,NULL),(2486,'8483','Kisszőlős',NULL,NULL,NULL),(2487,'8484','Nagyalásony',NULL,NULL,NULL),(2488,'8484','Somlóvecse',NULL,NULL,NULL),(2489,'8484','Vid',NULL,NULL,NULL),(2490,'8485','Dabrony',NULL,NULL,NULL),(2491,'8491','Karakószörcsök',NULL,NULL,NULL),(2492,'8492','Kerta',NULL,NULL,NULL),(2493,'8493','Iszkáz',NULL,NULL,NULL),(2494,'8494','Kiscsősz',NULL,NULL,NULL),(2495,'8495','Csögle',NULL,NULL,NULL),(2496,'8496','Nagypirit',NULL,NULL,NULL),(2497,'8496','Kispirit',NULL,NULL,NULL),(2498,'8497','Adorjánháza',NULL,NULL,NULL),(2499,'8497','Egeralja',NULL,NULL,NULL),(2500,'8500','Pápa',NULL,NULL,NULL),(2501,'8511','Pápa, Borsosgyőr',NULL,NULL,NULL),(2502,'8512','Nyárád',NULL,NULL,NULL),(2503,'8513','Mihályháza',NULL,NULL,NULL),(2504,'8514','Mezőlak',NULL,NULL,NULL),(2505,'8515','Békás',NULL,NULL,NULL),(2506,'8516','Kemeneshőgyész',NULL,NULL,NULL),(2507,'8517','Magyargencs',NULL,NULL,NULL),(2508,'8518','Kemenesszentpéter',NULL,NULL,NULL),(2509,'8521','Nagyacsád',NULL,NULL,NULL),(2510,'8522','Nemesgörzsöny',NULL,NULL,NULL),(2511,'8523','Egyházaskesző',NULL,NULL,NULL),(2512,'8523','Várkesző',NULL,NULL,NULL),(2513,'8531','Marcaltő, Ihász',NULL,NULL,NULL),(2514,'8532','Marcaltő',NULL,NULL,NULL),(2515,'8533','Malomsok',NULL,NULL,NULL),(2516,'8541','Takácsi',NULL,NULL,NULL),(2517,'8542','Vaszar',NULL,NULL,NULL),(2518,'8543','Gecse',NULL,NULL,NULL),(2519,'8551','Nagygyimót',NULL,NULL,NULL),(2520,'8552','Vanyola',NULL,NULL,NULL),(2521,'8553','Lovászpatona',NULL,NULL,NULL),(2522,'8554','Nagydém',NULL,NULL,NULL),(2523,'8555','Bakonytamási',NULL,NULL,NULL),(2524,'8556','Pápateszér',NULL,NULL,NULL),(2525,'8557','Bakonyszentiván',NULL,NULL,NULL),(2526,'8557','Bakonyság',NULL,NULL,NULL),(2527,'8558','Csót',NULL,NULL,NULL),(2528,'8561','Adásztevel',NULL,NULL,NULL),(2529,'8562','Nagytevel',NULL,NULL,NULL),(2530,'8563','Homokbödöge',NULL,NULL,NULL),(2531,'8564','Ugod',NULL,NULL,NULL),(2532,'8565','Béb',NULL,NULL,NULL),(2533,'8571','Bakonykoppány',NULL,NULL,NULL),(2534,'8572','Bakonyszücs',NULL,NULL,NULL),(2535,'8581','Bakonyjákó',NULL,NULL,NULL),(2536,'8581','Németbánya',NULL,NULL,NULL),(2537,'8582','Farkasgyepű',NULL,NULL,NULL),(2538,'8591','Pápa, Kéttornyúlak',NULL,NULL,NULL),(2539,'8591','Nóráp',NULL,NULL,NULL),(2540,'8592','Dáka',NULL,NULL,NULL),(2541,'8593','Pápadereske',NULL,NULL,NULL),(2542,'8594','Pápasalamon',NULL,NULL,NULL),(2543,'8595','Kup',NULL,NULL,NULL),(2544,'8596','Pápakovácsi',NULL,NULL,NULL),(2545,'8597','Ganna',NULL,NULL,NULL),(2546,'8597','Döbrönte',NULL,NULL,NULL),(2547,'8598','Pápa, Tapolcafő',NULL,NULL,NULL),(2548,'8600','Siófok',NULL,NULL,NULL),(2549,'8612','Nyim',NULL,NULL,NULL),(2550,'8613','Balatonendréd',NULL,NULL,NULL),(2551,'8614','Bálványos',NULL,NULL,NULL),(2552,'8617','Kőröshegy ',NULL,NULL,NULL),(2553,'8618','Kereki',NULL,NULL,NULL),(2554,'8619','Pusztaszemes',NULL,NULL,NULL),(2555,'8621','Zamárdi',NULL,NULL,NULL),(2556,'8622','Szántód',NULL,NULL,NULL),(2557,'8623','Balatonföldvár',NULL,NULL,NULL),(2558,'8624','Balatonszárszó',NULL,NULL,NULL),(2559,'8625','Szólád',NULL,NULL,NULL),(2560,'8626','Teleki',NULL,NULL,NULL),(2561,'8627','Kötcse',NULL,NULL,NULL),(2562,'8628','Nagycsepely',NULL,NULL,NULL),(2563,'8630','Balatonboglár',NULL,NULL,NULL),(2564,'8635','Ordacsehi',NULL,NULL,NULL),(2565,'8636','Balatonszemes',NULL,NULL,NULL),(2566,'8637','Balatonőszöd',NULL,NULL,NULL),(2567,'8638','Balatonlelle',NULL,NULL,NULL),(2568,'8640','Fonyód',NULL,NULL,NULL),(2569,'8646','Balatonfenyves',NULL,NULL,NULL),(2570,'8647','Balatonmáriafürdő',NULL,NULL,NULL),(2571,'8648','Balatonkeresztúr ',NULL,NULL,NULL),(2572,'8649','Balatonberény',NULL,NULL,NULL),(2573,'8651','Balatonszabadi',NULL,NULL,NULL),(2574,'8652','Siójut',NULL,NULL,NULL),(2575,'8653','Ádánd',NULL,NULL,NULL),(2576,'8654','Ságvár',NULL,NULL,NULL),(2577,'8655','Som',NULL,NULL,NULL),(2578,'8656','Nagyberény',NULL,NULL,NULL),(2579,'8658','Bábonymegyer',NULL,NULL,NULL),(2580,'8660','Tab',NULL,NULL,NULL),(2581,'8660','Lulla',NULL,NULL,NULL),(2582,'8660','Sérsekszőlős',NULL,NULL,NULL),(2583,'8660','Torvaj',NULL,NULL,NULL),(2584,'8660','Zala',NULL,NULL,NULL),(2585,'8666','Bedegkér',NULL,NULL,NULL),(2586,'8666','Somogyegres',NULL,NULL,NULL),(2587,'8667','Kánya',NULL,NULL,NULL),(2588,'8668','Tengőd',NULL,NULL,NULL),(2589,'8669','Miklósi',NULL,NULL,NULL),(2590,'8671','Kapoly',NULL,NULL,NULL),(2591,'8672','Zics',NULL,NULL,NULL),(2592,'8673','Somogymeggyes',NULL,NULL,NULL),(2593,'8674','Nágocs',NULL,NULL,NULL),(2594,'8675','Andocs',NULL,NULL,NULL),(2595,'8676','Karád',NULL,NULL,NULL),(2596,'8681','Látrány',NULL,NULL,NULL),(2597,'8681','Visz',NULL,NULL,NULL),(2598,'8683','Somogytúr',NULL,NULL,NULL),(2599,'8684','Somogybabod',NULL,NULL,NULL),(2600,'8685','Gamás',NULL,NULL,NULL),(2601,'8691','Balatonboglár, Szőlőskislak',NULL,NULL,NULL),(2602,'8692','Szőlősgyörök',NULL,NULL,NULL),(2603,'8692','Gyugy',NULL,NULL,NULL),(2604,'8693','Lengyeltóti',NULL,NULL,NULL),(2605,'8693','Kisberény',NULL,NULL,NULL),(2606,'8694','Hács',NULL,NULL,NULL),(2607,'8695','Buzsák',NULL,NULL,NULL),(2608,'8696','Táska',NULL,NULL,NULL),(2609,'8697','Öreglak',NULL,NULL,NULL),(2610,'8698','Somogyvár',NULL,NULL,NULL),(2611,'8698','Pamuk',NULL,NULL,NULL),(2612,'8699','Somogyvámos',NULL,NULL,NULL),(2613,'8700','Marcali',NULL,NULL,NULL),(2614,'8700','Csömend',NULL,NULL,NULL),(2615,'8705','Somogyszentpál',NULL,NULL,NULL),(2616,'8706','Nikla',NULL,NULL,NULL),(2617,'8707','Pusztakovácsi',NULL,NULL,NULL),(2618,'8707','Libickozma',NULL,NULL,NULL),(2619,'8708','Somogyfajsz',NULL,NULL,NULL),(2620,'8709','Marcali, Horvátkút',NULL,NULL,NULL),(2621,'8710','Balatonszentgyörgy ',NULL,NULL,NULL),(2622,'8711','Vörs',NULL,NULL,NULL),(2623,'8712','Balatonújlak',NULL,NULL,NULL),(2624,'8713','Kéthely',NULL,NULL,NULL),(2625,'8714','Marcali, Bize',NULL,NULL,NULL),(2626,'8714','Kelevíz',NULL,NULL,NULL),(2627,'8715','Gadány',NULL,NULL,NULL),(2628,'8716','Mesztegnyő',NULL,NULL,NULL),(2629,'8716','Hosszúvíz',NULL,NULL,NULL),(2630,'8717','Szenyér',NULL,NULL,NULL),(2631,'8717','Nemeskisfalud',NULL,NULL,NULL),(2632,'8718','Tapsony',NULL,NULL,NULL),(2633,'8719','Böhönye',NULL,NULL,NULL),(2634,'8721','Vése',NULL,NULL,NULL),(2635,'8722','Nemesdéd',NULL,NULL,NULL),(2636,'8723','Varászló',NULL,NULL,NULL),(2637,'8724','Inke',NULL,NULL,NULL),(2638,'8725','Iharosberény',NULL,NULL,NULL),(2639,'8726','Iharos',NULL,NULL,NULL),(2640,'8726','Somogycsicsó',NULL,NULL,NULL),(2641,'8728','Pogányszentpéter',NULL,NULL,NULL),(2642,'8731','Hollád',NULL,NULL,NULL),(2643,'8731','Tikos',NULL,NULL,NULL),(2644,'8732','Sávoly',NULL,NULL,NULL),(2645,'8732','Főnyed',NULL,NULL,NULL),(2646,'8732','Szegerdő',NULL,NULL,NULL),(2647,'8733','Somogysámson',NULL,NULL,NULL),(2648,'8734','Somogyzsitfa',NULL,NULL,NULL),(2649,'8735','Csákány',NULL,NULL,NULL),(2650,'8736','Szőkedencs',NULL,NULL,NULL),(2651,'8737','Somogysimonyi',NULL,NULL,NULL),(2652,'8738','Nemesvid',NULL,NULL,NULL),(2653,'8739','Nagyszakácsi',NULL,NULL,NULL),(2654,'8741','Zalaapáti',NULL,NULL,NULL),(2655,'8741','Bókaháza',NULL,NULL,NULL),(2656,'8742','Esztergályhorváti',NULL,NULL,NULL),(2657,'8743','Zalaszabar',NULL,NULL,NULL),(2658,'8744','Orosztony',NULL,NULL,NULL),(2659,'8745','Kerecseny',NULL,NULL,NULL),(2660,'8746','Nagyrada',NULL,NULL,NULL),(2661,'8747','Garabonc',NULL,NULL,NULL),(2662,'8747','Zalamerenye',NULL,NULL,NULL),(2663,'8749','Zalakaros',NULL,NULL,NULL),(2664,'8751','Zalakomár, Kiskomárom',NULL,NULL,NULL),(2665,'8752','Zalakomár, Komárváros',NULL,NULL,NULL),(2666,'8753','Balatonmagyaród',NULL,NULL,NULL),(2667,'8754','Galambok',NULL,NULL,NULL),(2668,'8756','Nagyrécse',NULL,NULL,NULL),(2669,'8756','Csapi',NULL,NULL,NULL),(2670,'8756','Kisrécse',NULL,NULL,NULL),(2671,'8756','Zalasárszeg',NULL,NULL,NULL),(2672,'8761','Pacsa',NULL,NULL,NULL),(2673,'8761','Zalaigrice',NULL,NULL,NULL),(2674,'8762','Szentpéterúr',NULL,NULL,NULL),(2675,'8762','Gétye',NULL,NULL,NULL),(2676,'8764','Dióskál',NULL,NULL,NULL),(2677,'8764','Zalaszentmárton',NULL,NULL,NULL),(2678,'8765','Egeraracsa',NULL,NULL,NULL),(2679,'8767','Felsőrajk',NULL,NULL,NULL),(2680,'8767','Alsórajk',NULL,NULL,NULL),(2681,'8767','Pötréte',NULL,NULL,NULL),(2682,'8771','Hahót',NULL,NULL,NULL),(2683,'8772','Zalaszentbalázs',NULL,NULL,NULL),(2684,'8772','Börzönce',NULL,NULL,NULL),(2685,'8773','Pölöskefő',NULL,NULL,NULL),(2686,'8773','Kacorlak',NULL,NULL,NULL),(2687,'8774','Gelse',NULL,NULL,NULL),(2688,'8774','Gelsesziget',NULL,NULL,NULL),(2689,'8774','Kilimán',NULL,NULL,NULL),(2690,'8776','Magyarszerdahely',NULL,NULL,NULL),(2691,'8776','Bocska',NULL,NULL,NULL),(2692,'8776','Magyarszentmiklós',NULL,NULL,NULL),(2693,'8777','Hosszúvölgy',NULL,NULL,NULL),(2694,'8777','Fűzvölgy',NULL,NULL,NULL),(2695,'8777','Homokkomárom',NULL,NULL,NULL),(2696,'8778','Újudvar',NULL,NULL,NULL),(2697,'8782','Zalacsány',NULL,NULL,NULL),(2698,'8782','Ligetfalva',NULL,NULL,NULL),(2699,'8782','Tilaj',NULL,NULL,NULL),(2700,'8784','Kehidakustány',NULL,NULL,NULL),(2701,'8785','Zalaszentgrót, Zalakoppány',NULL,NULL,NULL),(2702,'8785','Kallósd',NULL,NULL,NULL),(2703,'8788','Zalaszentlászló',NULL,NULL,NULL),(2704,'8788','Sénye',NULL,NULL,NULL),(2705,'8789','Zalaszentgrót, Zalaudvarnok',NULL,NULL,NULL),(2706,'8790','Zalaszentgrót',NULL,NULL,NULL),(2707,'8792','Zalavég',NULL,NULL,NULL),(2708,'8793','Tekenye',NULL,NULL,NULL),(2709,'8795','Zalaszentgrót, Csáford',NULL,NULL,NULL),(2710,'8796','Türje',NULL,NULL,NULL),(2711,'8797','Batyk',NULL,NULL,NULL),(2712,'8798','Zalabér',NULL,NULL,NULL),(2713,'8799','Pakod',NULL,NULL,NULL),(2714,'8799','Dötk',NULL,NULL,NULL),(2715,'8800','Nagykanizsa',NULL,NULL,NULL),(2716,'8808','Nagykanizsa, Palin',NULL,NULL,NULL),(2717,'8809','Nagykanizsa, Sánc',NULL,NULL,NULL),(2718,'8821','Nagybakónak',NULL,NULL,NULL),(2719,'8822','Zalaújlak',NULL,NULL,NULL),(2720,'8824','Sand',NULL,NULL,NULL),(2721,'8825','Miháld',NULL,NULL,NULL),(2722,'8825','Pat',NULL,NULL,NULL),(2723,'8827','Zalaszentjakab',NULL,NULL,NULL),(2724,'8831','Nagykanizsa, Miklósfa',NULL,NULL,NULL),(2725,'8832','Liszó',NULL,NULL,NULL),(2726,'8834','Murakeresztúr',NULL,NULL,NULL),(2727,'8835','Fityeház',NULL,NULL,NULL),(2728,'8840','Csurgó',NULL,NULL,NULL),(2729,'8840','Csurgónagymarton',NULL,NULL,NULL),(2730,'8849','Szenta',NULL,NULL,NULL),(2731,'8851','Gyékényes',NULL,NULL,NULL),(2732,'8852','Zákány',NULL,NULL,NULL),(2733,'8853','Zákányfalu',NULL,NULL,NULL),(2734,'8854','Őrtilos',NULL,NULL,NULL),(2735,'8855','Belezna',NULL,NULL,NULL),(2736,'8856','Surd',NULL,NULL,NULL),(2737,'8857','Nemespátró',NULL,NULL,NULL),(2738,'8858','Porrog',NULL,NULL,NULL),(2739,'8858','Porrogszentkirály',NULL,NULL,NULL),(2740,'8858','Porrogszentpál',NULL,NULL,NULL),(2741,'8858','Somogybükkösd',NULL,NULL,NULL),(2742,'8861','Szepetnek',NULL,NULL,NULL),(2743,'8862','Semjénháza',NULL,NULL,NULL),(2744,'8863','Molnári',NULL,NULL,NULL),(2745,'8864','Tótszerdahely',NULL,NULL,NULL),(2746,'8865','Tótszentmárton',NULL,NULL,NULL),(2747,'8866','Becsehely',NULL,NULL,NULL),(2748,'8866','Petrivente',NULL,NULL,NULL),(2749,'8868','Letenye',NULL,NULL,NULL),(2750,'8868','Kistolmács',NULL,NULL,NULL),(2751,'8868','Murarátka',NULL,NULL,NULL),(2752,'8868','Zajk',NULL,NULL,NULL),(2753,'8872','Muraszemenye',NULL,NULL,NULL),(2754,'8872','Szentmargitfalva',NULL,NULL,NULL),(2755,'8873','Csörnyeföld',NULL,NULL,NULL),(2756,'8874','Dobri',NULL,NULL,NULL),(2757,'8874','Kerkaszentkirály',NULL,NULL,NULL),(2758,'8876','Tormafölde',NULL,NULL,NULL),(2759,'8877','Tornyiszentmiklós',NULL,NULL,NULL),(2760,'8878','Lovászi',NULL,NULL,NULL),(2761,'8879','Szécsisziget',NULL,NULL,NULL),(2762,'8879','Kerkateskánd',NULL,NULL,NULL),(2763,'8881','Sormás',NULL,NULL,NULL),(2764,'8882','Eszteregnye',NULL,NULL,NULL),(2765,'8883','Rigyác',NULL,NULL,NULL),(2766,'8885','Borsfa',NULL,NULL,NULL),(2767,'8885','Valkonya',NULL,NULL,NULL),(2768,'8886','Oltárc',NULL,NULL,NULL),(2769,'8887','Bázakerettye',NULL,NULL,NULL),(2770,'8887','Lasztonya',NULL,NULL,NULL),(2771,'8888','Lispeszentadorján',NULL,NULL,NULL),(2772,'8888','Kiscsehi',NULL,NULL,NULL),(2773,'8888','Maróc',NULL,NULL,NULL),(2774,'8891','Bánokszentgyörgy',NULL,NULL,NULL),(2775,'8891','Várfölde',NULL,NULL,NULL),(2776,'8893','Szentliszló',NULL,NULL,NULL),(2777,'8893','Bucsuta',NULL,NULL,NULL),(2778,'8895','Pusztamagyaród',NULL,NULL,NULL),(2779,'8896','Pusztaszentlászló',NULL,NULL,NULL),(2780,'8897','Söjtör',NULL,NULL,NULL),(2781,'8900','Zalaegerszeg',NULL,NULL,NULL),(2782,'8904','Zalaegerszeg, Andráshida',NULL,NULL,NULL),(2783,'8911','Nagykutas',NULL,NULL,NULL),(2784,'8911','Kiskutas',NULL,NULL,NULL),(2785,'8912','Kispáli',NULL,NULL,NULL),(2786,'8912','Nagypáli',NULL,NULL,NULL),(2787,'8913','Egervár',NULL,NULL,NULL),(2788,'8913','Gősfa',NULL,NULL,NULL),(2789,'8913','Lakhegy',NULL,NULL,NULL),(2790,'8914','Vasboldogasszony',NULL,NULL,NULL),(2791,'8915','Nemesrádó',NULL,NULL,NULL),(2792,'8917','Milejszeg',NULL,NULL,NULL),(2793,'8918','Csonkahegyhát',NULL,NULL,NULL),(2794,'8918','Németfalu',NULL,NULL,NULL),(2795,'8919','Kustánszeg',NULL,NULL,NULL),(2796,'8921','Zalaszentiván',NULL,NULL,NULL),(2797,'8921','Alibánfa',NULL,NULL,NULL),(2798,'8921','Pethőhenye',NULL,NULL,NULL),(2799,'8921','Zalaszentlőrinc',NULL,NULL,NULL),(2800,'8923','Nemesapáti',NULL,NULL,NULL),(2801,'8924','Alsónemesapáti',NULL,NULL,NULL),(2802,'8925','Búcsúszentlászló',NULL,NULL,NULL),(2803,'8925','Nemessándorháza',NULL,NULL,NULL),(2804,'8925','Nemesszentandrás',NULL,NULL,NULL),(2805,'8926','Kisbucsa',NULL,NULL,NULL),(2806,'8928','Nemeshetés',NULL,NULL,NULL),(2807,'8929','Pölöske',NULL,NULL,NULL),(2808,'8931','Kemendollár',NULL,NULL,NULL),(2809,'8931','Vöckönd',NULL,NULL,NULL),(2810,'8932','Pókaszepetk',NULL,NULL,NULL),(2811,'8932','Gyűrűs',NULL,NULL,NULL),(2812,'8932','Zalaistvánd',NULL,NULL,NULL),(2813,'8934','Bezeréd',NULL,NULL,NULL),(2814,'8935','Nagykapornak',NULL,NULL,NULL),(2815,'8935','Almásháza',NULL,NULL,NULL),(2816,'8935','Misefa',NULL,NULL,NULL),(2817,'8935','Orbányosfa',NULL,NULL,NULL),(2818,'8935','Padár',NULL,NULL,NULL),(2819,'8936','Zalaszentmihály',NULL,NULL,NULL),(2820,'8943','Bocfölde',NULL,NULL,NULL),(2821,'8943','Csatár',NULL,NULL,NULL),(2822,'8944','Sárhida',NULL,NULL,NULL),(2823,'8945','Bak',NULL,NULL,NULL),(2824,'8946','Tófej',NULL,NULL,NULL),(2825,'8946','Baktüttös',NULL,NULL,NULL),(2826,'8946','Pusztaederics',NULL,NULL,NULL),(2827,'8947','Zalatárnok',NULL,NULL,NULL),(2828,'8947','Szentkozmadombja',NULL,NULL,NULL),(2829,'8948','Nova',NULL,NULL,NULL),(2830,'8948','Barlahida',NULL,NULL,NULL),(2831,'8949','Mikekarácsonyfa',NULL,NULL,NULL),(2832,'8951','Gutorfölde',NULL,NULL,NULL),(2833,'8951','Csertalakos',NULL,NULL,NULL),(2834,'8953','Szentpéterfölde',NULL,NULL,NULL),(2835,'8954','Ortaháza',NULL,NULL,NULL),(2836,'8956','Páka',NULL,NULL,NULL),(2837,'8956','Kányavár',NULL,NULL,NULL),(2838,'8956','Pördefölde',NULL,NULL,NULL),(2839,'8957','Csömödér',NULL,NULL,NULL),(2840,'8957','Hernyék',NULL,NULL,NULL),(2841,'8957','Kissziget',NULL,NULL,NULL),(2842,'8957','Zebecke',NULL,NULL,NULL),(2843,'8958','Iklódbördőce',NULL,NULL,NULL),(2844,'8960','Lenti',NULL,NULL,NULL),(2845,'8960','Gosztola',NULL,NULL,NULL),(2846,'8966','Lenti, Lentikápolna',NULL,NULL,NULL),(2847,'8969','Gáborjánháza',NULL,NULL,NULL),(2848,'8969','Bödeháza',NULL,NULL,NULL),(2849,'8969','Szijártóháza',NULL,NULL,NULL),(2850,'8969','Zalaszombatfa',NULL,NULL,NULL),(2851,'8971','Zalabaksa',NULL,NULL,NULL),(2852,'8971','Kerkabarabás',NULL,NULL,NULL),(2853,'8973','Csesztreg',NULL,NULL,NULL),(2854,'8973','Alsószenterzsébet',NULL,NULL,NULL),(2855,'8973','Felsőszenterzsébet',NULL,NULL,NULL),(2856,'8973','Kerkafalva',NULL,NULL,NULL),(2857,'8973','Kerkakutas',NULL,NULL,NULL),(2858,'8973','Magyarföld',NULL,NULL,NULL),(2859,'8973','Ramocsa',NULL,NULL,NULL),(2860,'8975','Szentgyörgyvölgy',NULL,NULL,NULL),(2861,'8976','Nemesnép',NULL,NULL,NULL),(2862,'8976','Márokföld',NULL,NULL,NULL),(2863,'8977','Resznek',NULL,NULL,NULL),(2864,'8977','Baglad',NULL,NULL,NULL),(2865,'8977','Lendvajakabfa',NULL,NULL,NULL),(2866,'8978','Rédics',NULL,NULL,NULL),(2867,'8978','Belsősárd',NULL,NULL,NULL),(2868,'8978','Külsősárd',NULL,NULL,NULL),(2869,'8978','Lendvadedes',NULL,NULL,NULL),(2870,'8981','Gellénháza',NULL,NULL,NULL),(2871,'8981','Lickóvadamos',NULL,NULL,NULL),(2872,'8983','Nagylengyel',NULL,NULL,NULL),(2873,'8983','Babosdöbréte',NULL,NULL,NULL),(2874,'8983','Ormándlak',NULL,NULL,NULL),(2875,'8984','Petrikeresztúr',NULL,NULL,NULL),(2876,'8984','Gombosszeg',NULL,NULL,NULL),(2877,'8984','Iborfia',NULL,NULL,NULL),(2878,'8985','Becsvölgye',NULL,NULL,NULL),(2879,'8986','Pórszombat',NULL,NULL,NULL),(2880,'8986','Pusztaapáti',NULL,NULL,NULL),(2881,'8986','Szilvágy',NULL,NULL,NULL),(2882,'8988','Kálócfa',NULL,NULL,NULL),(2883,'8988','Kozmadombja',NULL,NULL,NULL),(2884,'8989','Dobronhegy',NULL,NULL,NULL),(2885,'8990','Pálfiszeg',NULL,NULL,NULL),(2886,'8991','Teskánd',NULL,NULL,NULL),(2887,'8991','Böde',NULL,NULL,NULL),(2888,'8991','Hottó',NULL,NULL,NULL),(2889,'8992','Bagod',NULL,NULL,NULL),(2890,'8992','Boncodfölde',NULL,NULL,NULL),(2891,'8992','Hagyárosbörönd',NULL,NULL,NULL),(2892,'8992','Zalaboldogfa',NULL,NULL,NULL),(2893,'8994','Zalaszentgyörgy',NULL,NULL,NULL),(2894,'8994','Kávás',NULL,NULL,NULL),(2895,'8995','Salomvár',NULL,NULL,NULL),(2896,'8995','Keménfa',NULL,NULL,NULL),(2897,'8996','Zalacséb',NULL,NULL,NULL),(2898,'8997','Zalaháshágy',NULL,NULL,NULL),(2899,'8998','Vaspör',NULL,NULL,NULL),(2900,'8998','Ozmánbük',NULL,NULL,NULL),(2901,'8999','Zalalövő',NULL,NULL,NULL),(2902,'8999','Csöde',NULL,NULL,NULL),(2903,'9000','Győr',NULL,NULL,NULL),(2904,'9061','Vámosszabadi',NULL,NULL,NULL),(2905,'9062','Kisbajcs',NULL,NULL,NULL),(2906,'9062','Vének',NULL,NULL,NULL),(2907,'9063','Nagybajcs',NULL,NULL,NULL),(2908,'9064','Vámosszabadi, Szitásdomb',NULL,NULL,NULL),(2909,'9071','Gönyű',NULL,NULL,NULL),(2910,'9072','Nagyszentjános',NULL,NULL,NULL),(2911,'9073','Bőny',NULL,NULL,NULL),(2912,'9074','Rétalap',NULL,NULL,NULL),(2913,'9081','Győrújbarát',NULL,NULL,NULL),(2914,'9082','Nyúl',NULL,NULL,NULL),(2915,'9083','Écs',NULL,NULL,NULL),(2916,'9084','Győrság',NULL,NULL,NULL),(2917,'9085','Pázmándfalu',NULL,NULL,NULL),(2918,'9086','Töltéstava',NULL,NULL,NULL),(2919,'9088','Bakonypéterd',NULL,NULL,NULL),(2920,'9089','Lázi',NULL,NULL,NULL),(2921,'9090','Pannonhalma',NULL,NULL,NULL),(2922,'9091','Ravazd',NULL,NULL,NULL),(2923,'9092','Tarjánpuszta',NULL,NULL,NULL),(2924,'9093','Győrasszonyfa',NULL,NULL,NULL),(2925,'9094','Tápszentmiklós',NULL,NULL,NULL),(2926,'9095','Táp',NULL,NULL,NULL),(2927,'9096','Nyalka',NULL,NULL,NULL),(2928,'9097','Mezőörs',NULL,NULL,NULL),(2929,'9098','Mezőörs, Mindszentpuszta',NULL,NULL,NULL),(2930,'9099','Pér',NULL,NULL,NULL),(2931,'9100','Tét',NULL,NULL,NULL),(2932,'9111','Tényő',NULL,NULL,NULL),(2933,'9112','Sokorópátka',NULL,NULL,NULL),(2934,'9113','Koroncó',NULL,NULL,NULL),(2935,'9121','Győrszemere',NULL,NULL,NULL),(2936,'9122','Felpéc',NULL,NULL,NULL),(2937,'9123','Kajárpéc',NULL,NULL,NULL),(2938,'9124','Gyömöre',NULL,NULL,NULL),(2939,'9125','Szerecseny',NULL,NULL,NULL),(2940,'9126','Gyarmat',NULL,NULL,NULL),(2941,'9127','Csikvánd',NULL,NULL,NULL),(2942,'9131','Mórichida',NULL,NULL,NULL),(2943,'9132','Árpás',NULL,NULL,NULL),(2944,'9133','Kisbabot',NULL,NULL,NULL),(2945,'9133','Rábaszentmiklós',NULL,NULL,NULL),(2946,'9134','Bodonhely',NULL,NULL,NULL),(2947,'9135','Rábaszentmihály',NULL,NULL,NULL),(2948,'9136','Rábacsécsény',NULL,NULL,NULL),(2949,'9136','Mérges',NULL,NULL,NULL),(2950,'9141','Ikrény',NULL,NULL,NULL),(2951,'9142','Rábapatona',NULL,NULL,NULL),(2952,'9143','Enese',NULL,NULL,NULL),(2953,'9144','Kóny',NULL,NULL,NULL),(2954,'9145','Bágyogszovát',NULL,NULL,NULL),(2955,'9146','Rábapordány',NULL,NULL,NULL),(2956,'9147','Dör',NULL,NULL,NULL),(2957,'9151','Abda',NULL,NULL,NULL),(2958,'9152','Börcs',NULL,NULL,NULL),(2959,'9153','Öttevény',NULL,NULL,NULL),(2960,'9154','Mosonszentmiklós',NULL,NULL,NULL),(2961,'9155','Lébény',NULL,NULL,NULL),(2962,'9161','Győrsövényház',NULL,NULL,NULL),(2963,'9162','Bezi',NULL,NULL,NULL),(2964,'9163','Fehértó',NULL,NULL,NULL),(2965,'9164','Markotabödöge',NULL,NULL,NULL),(2966,'9165','Rábcakapi',NULL,NULL,NULL),(2967,'9165','Cakóháza',NULL,NULL,NULL),(2968,'9165','Tárnokréti',NULL,NULL,NULL),(2969,'9167','Bősárkány',NULL,NULL,NULL),(2970,'9167','Jánossomorja, Hanságliget',NULL,NULL,NULL),(2971,'9168','Acsalag',NULL,NULL,NULL),(2972,'9168','Csorna, Földsziget',NULL,NULL,NULL),(2973,'9169','Barbacs',NULL,NULL,NULL),(2974,'9169','Maglóca',NULL,NULL,NULL),(2975,'9171','Győrújfalu',NULL,NULL,NULL),(2976,'9172','Győrzámoly',NULL,NULL,NULL),(2977,'9173','Győrladamér',NULL,NULL,NULL),(2978,'9174','Dunaszeg',NULL,NULL,NULL),(2979,'9175','Dunaszentpál',NULL,NULL,NULL),(2980,'9176','Mecsér',NULL,NULL,NULL),(2981,'9177','Ásványráró',NULL,NULL,NULL),(2982,'9178','Hédervár',NULL,NULL,NULL),(2983,'9181','Kimle',NULL,NULL,NULL),(2984,'9182','Károlyháza',NULL,NULL,NULL),(2985,'9183','Mosonszentmiklós, Gyártelep',NULL,NULL,NULL),(2986,'9183','Mosonszentmiklós, Mosonújhely',NULL,NULL,NULL),(2987,'9184','Kunsziget',NULL,NULL,NULL),(2988,'9200','Mosonmagyaróvár',NULL,NULL,NULL),(2989,'9211','Feketeerdő',NULL,NULL,NULL),(2990,'9221','Levél',NULL,NULL,NULL),(2991,'9222','Hegyeshalom',NULL,NULL,NULL),(2992,'9223','Bezenye',NULL,NULL,NULL),(2993,'9224','Rajka',NULL,NULL,NULL),(2994,'9225','Dunakiliti',NULL,NULL,NULL),(2995,'9226','Dunasziget',NULL,NULL,NULL),(2996,'9228','Halászi',NULL,NULL,NULL),(2997,'9231','Máriakálnok',NULL,NULL,NULL),(2998,'9232','Darnózseli',NULL,NULL,NULL),(2999,'9233','Lipót',NULL,NULL,NULL),(3000,'9234','Kisbodak',NULL,NULL,NULL),(3001,'9235','Püski',NULL,NULL,NULL),(3002,'9235','Dunaremete',NULL,NULL,NULL),(3003,'9241','Jánossomorja, Mosonszentjános',NULL,NULL,NULL),(3004,'9241','Jánossomorja, Újtanya',NULL,NULL,NULL),(3005,'9242','Jánossomorja, Pusztasomorja',NULL,NULL,NULL),(3006,'9243','Várbalog',NULL,NULL,NULL),(3007,'9244','Újrónafő',NULL,NULL,NULL),(3008,'9245','Mosonszolnok',NULL,NULL,NULL),(3009,'9246','Mosonudvar',NULL,NULL,NULL),(3010,'9300','Csorna',NULL,NULL,NULL),(3011,'9311','Pásztori',NULL,NULL,NULL),(3012,'9312','Szilsárkány',NULL,NULL,NULL),(3013,'9313','Rábacsanak',NULL,NULL,NULL),(3014,'9314','Egyed',NULL,NULL,NULL),(3015,'9315','Sobor',NULL,NULL,NULL),(3016,'9316','Rábaszentandrás',NULL,NULL,NULL),(3017,'9317','Szany',NULL,NULL,NULL),(3018,'9321','Farád',NULL,NULL,NULL),(3019,'9322','Rábatamási',NULL,NULL,NULL),(3020,'9323','Jobaháza',NULL,NULL,NULL),(3021,'9324','Bogyoszló',NULL,NULL,NULL),(3022,'9324','Potyond',NULL,NULL,NULL),(3023,'9325','Sopronnémeti',NULL,NULL,NULL),(3024,'9326','Szil',NULL,NULL,NULL),(3025,'9327','Vág',NULL,NULL,NULL),(3026,'9327','Rábasebes',NULL,NULL,NULL),(3027,'9330','Kapuvár',NULL,NULL,NULL),(3028,'9339','Kapuvár, Öntésmajor',NULL,NULL,NULL),(3029,'9341','Kisfalud',NULL,NULL,NULL),(3030,'9342','Mihályi',NULL,NULL,NULL),(3031,'9343','Beled',NULL,NULL,NULL),(3032,'9343','Edve',NULL,NULL,NULL),(3033,'9343','Vásárosfalu',NULL,NULL,NULL),(3034,'9344','Rábakecöl',NULL,NULL,NULL),(3035,'9345','Páli',NULL,NULL,NULL),(3036,'9346','Magyarkeresztúr',NULL,NULL,NULL),(3037,'9346','Vadosfa',NULL,NULL,NULL),(3038,'9346','Zsebeháza',NULL,NULL,NULL),(3039,'9351','Babót',NULL,NULL,NULL),(3040,'9352','Veszkény',NULL,NULL,NULL),(3041,'9353','Szárföld',NULL,NULL,NULL),(3042,'9354','Osli',NULL,NULL,NULL),(3043,'9361','Hövej',NULL,NULL,NULL),(3044,'9362','Himod',NULL,NULL,NULL),(3045,'9363','Gyóró',NULL,NULL,NULL),(3046,'9364','Cirák',NULL,NULL,NULL),(3047,'9365','Dénesfa',NULL,NULL,NULL),(3048,'9371','Vitnyéd',NULL,NULL,NULL),(3049,'9372','Csapod',NULL,NULL,NULL),(3050,'9373','Pusztacsalád',NULL,NULL,NULL),(3051,'9374','Iván',NULL,NULL,NULL),(3052,'9375','Répceszemere',NULL,NULL,NULL),(3053,'9375','Csáfordjánosfa',NULL,NULL,NULL),(3054,'9375','Csér',NULL,NULL,NULL),(3055,'9400','Sopron',NULL,NULL,NULL),(3056,'9407','Sopron, Sopronkőhida',NULL,NULL,NULL),(3057,'9408','Sopron, Brennbergbánya',NULL,NULL,NULL),(3058,'9421','Fertőrákos',NULL,NULL,NULL),(3059,'9422','Harka',NULL,NULL,NULL),(3060,'9423','Ágfalva',NULL,NULL,NULL),(3061,'9431','Fertőd',NULL,NULL,NULL),(3062,'9433','Fertőd, Tőzeggyármajor',NULL,NULL,NULL),(3063,'9434','Sarród, Fertőújlak',NULL,NULL,NULL),(3064,'9435','Sarród',NULL,NULL,NULL),(3065,'9436','Fertőszéplak',NULL,NULL,NULL),(3066,'9437','Hegykő',NULL,NULL,NULL),(3067,'9438','Sarród, Nyárliget',NULL,NULL,NULL),(3068,'9441','Agyagosszergény',NULL,NULL,NULL),(3069,'9442','Fertőendréd',NULL,NULL,NULL),(3070,'9443','Petőháza',NULL,NULL,NULL),(3071,'9444','Fertőszentmiklós',NULL,NULL,NULL),(3072,'9451','Röjtökmuzsaj',NULL,NULL,NULL),(3073,'9451','Ebergőc',NULL,NULL,NULL),(3074,'9461','Lövő',NULL,NULL,NULL),(3075,'9462','Völcsej',NULL,NULL,NULL),(3076,'9463','Sopronhorpács',NULL,NULL,NULL),(3077,'9464','Und',NULL,NULL,NULL),(3078,'9471','Nemeskér',NULL,NULL,NULL),(3079,'9472','Újkér',NULL,NULL,NULL),(3080,'9473','Egyházasfalu',NULL,NULL,NULL),(3081,'9474','Szakony',NULL,NULL,NULL),(3082,'9474','Gyalóka',NULL,NULL,NULL),(3083,'9475','Répcevis',NULL,NULL,NULL),(3084,'9476','Zsira',NULL,NULL,NULL),(3085,'9481','Pinnye',NULL,NULL,NULL),(3086,'9482','Nagylózs',NULL,NULL,NULL),(3087,'9483','Sopronkövesd',NULL,NULL,NULL),(3088,'9484','Pereszteg',NULL,NULL,NULL),(3089,'9485','Nagycenk',NULL,NULL,NULL),(3090,'9491','Hidegség',NULL,NULL,NULL),(3091,'9492','Fertőhomok',NULL,NULL,NULL),(3092,'9493','Fertőboz',NULL,NULL,NULL),(3093,'9494','Sopron, Balf',NULL,NULL,NULL),(3094,'9495','Kópháza',NULL,NULL,NULL),(3095,'9500','Celldömölk',NULL,NULL,NULL),(3096,'9511','Kemenesmihályfa',NULL,NULL,NULL),(3097,'9512','Ostffyasszonyfa',NULL,NULL,NULL),(3098,'9513','Csönge',NULL,NULL,NULL),(3099,'9514','Kenyeri',NULL,NULL,NULL),(3100,'9515','Pápoc',NULL,NULL,NULL),(3101,'9516','Vönöck',NULL,NULL,NULL),(3102,'9517','Kemenessömjén',NULL,NULL,NULL),(3103,'9521','Kemenesszentmárton',NULL,NULL,NULL),(3104,'9522','Kemenesmagasi',NULL,NULL,NULL),(3105,'9523','Szergény',NULL,NULL,NULL),(3106,'9531','Mersevát',NULL,NULL,NULL),(3107,'9532','Külsővat',NULL,NULL,NULL),(3108,'9533','Nemesszalók',NULL,NULL,NULL),(3109,'9534','Marcalgergelyi',NULL,NULL,NULL),(3110,'9534','Vinár',NULL,NULL,NULL),(3111,'9541','Celldömölk, Izsákfa',NULL,NULL,NULL),(3112,'9542','Boba',NULL,NULL,NULL),(3113,'9542','Nemeskocs',NULL,NULL,NULL),(3114,'9544','Kemenespálfa',NULL,NULL,NULL),(3115,'9545','Jánosháza',NULL,NULL,NULL),(3116,'9547','Karakó',NULL,NULL,NULL),(3117,'9548','Nemeskeresztúr',NULL,NULL,NULL),(3118,'9549','Keléd',NULL,NULL,NULL),(3119,'9551','Mesteri',NULL,NULL,NULL),(3120,'9552','Vásárosmiske',NULL,NULL,NULL),(3121,'9553','Köcsk',NULL,NULL,NULL),(3122,'9553','Kemeneskápolna',NULL,NULL,NULL),(3123,'9554','Egyházashetye',NULL,NULL,NULL),(3124,'9554','Borgáta',NULL,NULL,NULL),(3125,'9555','Kissomlyó',NULL,NULL,NULL),(3126,'9556','Duka',NULL,NULL,NULL),(3127,'9561','Nagysimonyi',NULL,NULL,NULL),(3128,'9561','Tokorcs',NULL,NULL,NULL),(3129,'9600','Sárvár',NULL,NULL,NULL),(3130,'9608','Sárvár, Rábasömjén',NULL,NULL,NULL),(3131,'9609','Sárvár, Lánkapuszta',NULL,NULL,NULL),(3132,'9611','Csénye',NULL,NULL,NULL),(3133,'9612','Bögöt',NULL,NULL,NULL),(3134,'9612','Porpác',NULL,NULL,NULL),(3135,'9621','Ölbő',NULL,NULL,NULL),(3136,'9622','Szeleste',NULL,NULL,NULL),(3137,'9623','Répceszentgyörgy',NULL,NULL,NULL),(3138,'9624','Chernelházadamonya',NULL,NULL,NULL),(3139,'9625','Bő',NULL,NULL,NULL),(3140,'9625','Gór',NULL,NULL,NULL),(3141,'9631','Hegyfalu',NULL,NULL,NULL),(3142,'9632','Sajtoskál',NULL,NULL,NULL),(3143,'9633','Simaság',NULL,NULL,NULL),(3144,'9634','Lócs',NULL,NULL,NULL),(3145,'9634','Iklanberény',NULL,NULL,NULL),(3146,'9635','Zsédeny',NULL,NULL,NULL),(3147,'9636','Pósfa',NULL,NULL,NULL),(3148,'9641','Rábapaty',NULL,NULL,NULL),(3149,'9643','Jákfa',NULL,NULL,NULL),(3150,'9651','Uraiújfalu',NULL,NULL,NULL),(3151,'9652','Nick',NULL,NULL,NULL),(3152,'9653','Répcelak',NULL,NULL,NULL),(3153,'9654','Csánig',NULL,NULL,NULL),(3154,'9661','Vasegerszeg',NULL,NULL,NULL),(3155,'9662','Tompaládony',NULL,NULL,NULL),(3156,'9662','Mesterháza',NULL,NULL,NULL),(3157,'9663','Nemesládony',NULL,NULL,NULL),(3158,'9664','Nagygeresd',NULL,NULL,NULL),(3159,'9665','Vámoscsalád',NULL,NULL,NULL),(3160,'9671','Sitke',NULL,NULL,NULL),(3161,'9672','Gérce',NULL,NULL,NULL),(3162,'9673','Káld',NULL,NULL,NULL),(3163,'9674','Vashosszúfalu',NULL,NULL,NULL),(3164,'9675','Bögöte',NULL,NULL,NULL),(3165,'9676','Hosszúpereszteg',NULL,NULL,NULL),(3166,'9681','Sótony',NULL,NULL,NULL),(3167,'9682','Nyőgér',NULL,NULL,NULL),(3168,'9683','Bejcgyertyános',NULL,NULL,NULL),(3169,'9684','Egervölgy',NULL,NULL,NULL),(3170,'9685','Szemenye',NULL,NULL,NULL),(3171,'9700','Szombathely',NULL,NULL,NULL),(3172,'9707','Szombathely, Herény',NULL,NULL,NULL),(3173,'9721','Gencsapáti',NULL,NULL,NULL),(3174,'9722','Perenye',NULL,NULL,NULL),(3175,'9723','Gyöngyösfalu',NULL,NULL,NULL),(3176,'9724','Lukácsháza ',NULL,NULL,NULL),(3177,'9725','Kőszegszerdahely',NULL,NULL,NULL),(3178,'9725','Cák',NULL,NULL,NULL),(3179,'9725','Kőszegdoroszló',NULL,NULL,NULL),(3180,'9726','Velem',NULL,NULL,NULL),(3181,'9727','Bozsok',NULL,NULL,NULL),(3182,'9730','Kőszeg',NULL,NULL,NULL),(3183,'9733','Horvátzsidány',NULL,NULL,NULL),(3184,'9733','Kiszsidány',NULL,NULL,NULL),(3185,'9733','Ólmod',NULL,NULL,NULL),(3186,'9734','Peresznye',NULL,NULL,NULL),(3187,'9735','Csepreg',NULL,NULL,NULL),(3188,'9736','Tormásliget',NULL,NULL,NULL),(3189,'9737','Bük',NULL,NULL,NULL),(3190,'9738','Tömörd',NULL,NULL,NULL),(3191,'9739','Nemescsó',NULL,NULL,NULL),(3192,'9739','Kőszegpaty',NULL,NULL,NULL),(3193,'9739','Pusztacsó',NULL,NULL,NULL),(3194,'9740','Bük, Bükfürdő',NULL,NULL,NULL),(3195,'9741','Vassurány',NULL,NULL,NULL),(3196,'9742','Salköveskút',NULL,NULL,NULL),(3197,'9743','Söpte',NULL,NULL,NULL),(3198,'9744','Vasasszonyfa',NULL,NULL,NULL),(3199,'9745','Meszlen',NULL,NULL,NULL),(3200,'9746','Acsád',NULL,NULL,NULL),(3201,'9747','Vasszilvágy',NULL,NULL,NULL),(3202,'9748','Vát',NULL,NULL,NULL),(3203,'9749','Nemesbőd',NULL,NULL,NULL),(3204,'9751','Vép',NULL,NULL,NULL),(3205,'9752','Bozzai',NULL,NULL,NULL),(3206,'9752','Kenéz',NULL,NULL,NULL),(3207,'9754','Pecöl',NULL,NULL,NULL),(3208,'9754','Megyehíd',NULL,NULL,NULL),(3209,'9756','Ikervár',NULL,NULL,NULL),(3210,'9757','Meggyeskovácsi',NULL,NULL,NULL),(3211,'9761','Táplánszentkereszt',NULL,NULL,NULL),(3212,'9762','Tanakajd',NULL,NULL,NULL),(3213,'9763','Vasszécseny',NULL,NULL,NULL),(3214,'9764','Csempeszkopács',NULL,NULL,NULL),(3215,'9764','Meggyeskovácsi, Ilonapuszta',NULL,NULL,NULL),(3216,'9766','Rum',NULL,NULL,NULL),(3217,'9766','Rábatöttös',NULL,NULL,NULL),(3218,'9766','Zsennye',NULL,NULL,NULL),(3219,'9771','Balogunyom',NULL,NULL,NULL),(3220,'9772','Kisunyom',NULL,NULL,NULL),(3221,'9773','Sorokpolány',NULL,NULL,NULL),(3222,'9774','Sorkifalud',NULL,NULL,NULL),(3223,'9774','Gyanógeregye',NULL,NULL,NULL),(3224,'9774','Sorkikápolna',NULL,NULL,NULL),(3225,'9775','Nemeskolta',NULL,NULL,NULL),(3226,'9776','Püspökmolnári',NULL,NULL,NULL),(3227,'9777','Rábahídvég',NULL,NULL,NULL),(3228,'9781','Egyházashollós',NULL,NULL,NULL),(3229,'9782','Nemesrempehollós',NULL,NULL,NULL),(3230,'9783','Egyházasrádóc',NULL,NULL,NULL),(3231,'9784','Rádóckölked',NULL,NULL,NULL),(3232,'9784','Harasztifalu',NULL,NULL,NULL),(3233,'9784','Nagykölked',NULL,NULL,NULL),(3234,'9789','Sé',NULL,NULL,NULL),(3235,'9791','Torony',NULL,NULL,NULL),(3236,'9791','Dozmat',NULL,NULL,NULL),(3237,'9792','Bucsu',NULL,NULL,NULL),(3238,'9793','Narda',NULL,NULL,NULL),(3239,'9794','Felsőcsatár',NULL,NULL,NULL),(3240,'9795','Vaskeresztes',NULL,NULL,NULL),(3241,'9796','Pornóapáti',NULL,NULL,NULL),(3242,'9796','Horvátlövő',NULL,NULL,NULL),(3243,'9797','Nárai',NULL,NULL,NULL),(3244,'9798','Ják',NULL,NULL,NULL),(3245,'9799','Szentpéterfa',NULL,NULL,NULL),(3246,'9800','Vasvár',NULL,NULL,NULL),(3247,'9811','Andrásfa',NULL,NULL,NULL),(3248,'9812','Telekes',NULL,NULL,NULL),(3249,'9813','Gersekarát',NULL,NULL,NULL),(3250,'9813','Sárfimizdó',NULL,NULL,NULL),(3251,'9814','Halastó',NULL,NULL,NULL),(3252,'9821','Győrvár',NULL,NULL,NULL),(3253,'9821','Hegyhátszentpéter',NULL,NULL,NULL),(3254,'9823','Pácsony',NULL,NULL,NULL),(3255,'9824','Olaszfa',NULL,NULL,NULL),(3256,'9825','Oszkó',NULL,NULL,NULL),(3257,'9826','Petőmihályfa',NULL,NULL,NULL),(3258,'9831','Bérbaltavár',NULL,NULL,NULL),(3259,'9832','Nagytilaj',NULL,NULL,NULL),(3260,'9833','Csehi',NULL,NULL,NULL),(3261,'9834','Csehimindszent',NULL,NULL,NULL),(3262,'9835','Mikosszéplak',NULL,NULL,NULL),(3263,'9836','Csipkerek',NULL,NULL,NULL),(3264,'9841','Kám',NULL,NULL,NULL),(3265,'9842','Alsóújlak',NULL,NULL,NULL),(3266,'9900','Körmend',NULL,NULL,NULL),(3267,'9909','Körmend, Horvátnádalja',NULL,NULL,NULL),(3268,'9909','Magyarnádalja',NULL,NULL,NULL),(3269,'9912','Molnaszecsőd',NULL,NULL,NULL),(3270,'9912','Magyarszecsőd',NULL,NULL,NULL),(3271,'9913','Szarvaskend',NULL,NULL,NULL),(3272,'9913','Döröske',NULL,NULL,NULL),(3273,'9913','Nagymizdó',NULL,NULL,NULL),(3274,'9914','Döbörhegy',NULL,NULL,NULL),(3275,'9915','Nádasd',NULL,NULL,NULL),(3276,'9915','Hegyháthodász',NULL,NULL,NULL),(3277,'9915','Hegyhátsál',NULL,NULL,NULL),(3278,'9915','Katafa',NULL,NULL,NULL),(3279,'9917','Halogy',NULL,NULL,NULL),(3280,'9917','Daraboshegy',NULL,NULL,NULL),(3281,'9918','Felsőmarác',NULL,NULL,NULL),(3282,'9919','Csákánydoroszló',NULL,NULL,NULL),(3283,'9921','Vasalja',NULL,NULL,NULL),(3284,'9922','Pinkamindszent',NULL,NULL,NULL),(3285,'9923','Kemestaródfa',NULL,NULL,NULL),(3286,'9931','Ivánc',NULL,NULL,NULL),(3287,'9931','Hegyhátszentmárton',NULL,NULL,NULL),(3288,'9932','Viszák',NULL,NULL,NULL),(3289,'9933','Őrimagyarósd',NULL,NULL,NULL),(3290,'9934','Hegyhátszentjakab',NULL,NULL,NULL),(3291,'9934','Felsőjánosfa',NULL,NULL,NULL),(3292,'9934','Szaknyér',NULL,NULL,NULL),(3293,'9935','Szőce',NULL,NULL,NULL),(3294,'9936','Kisrákos',NULL,NULL,NULL),(3295,'9937','Pankasz',NULL,NULL,NULL),(3296,'9938','Nagyrákos',NULL,NULL,NULL),(3297,'9938','Szatta',NULL,NULL,NULL),(3298,'9941','Őriszentpéter',NULL,NULL,NULL),(3299,'9941','Ispánk',NULL,NULL,NULL),(3300,'9942','Szalafő',NULL,NULL,NULL),(3301,'9943','Kondorfa',NULL,NULL,NULL),(3302,'9944','Bajánsenye',NULL,NULL,NULL),(3303,'9944','Kerkáskápolna',NULL,NULL,NULL),(3304,'9945','Kercaszomor',NULL,NULL,NULL),(3305,'9946','Magyarszombatfa',NULL,NULL,NULL),(3306,'9946','Velemér',NULL,NULL,NULL),(3307,'9951','Rátót',NULL,NULL,NULL),(3308,'9952','Gasztony',NULL,NULL,NULL),(3309,'9953','Vasszentmihály',NULL,NULL,NULL),(3310,'9953','Nemesmedves',NULL,NULL,NULL),(3311,'9954','Rönök',NULL,NULL,NULL),(3312,'9955','Szentgotthárd, Rábafüzes',NULL,NULL,NULL),(3313,'9961','Rábagyarmat',NULL,NULL,NULL),(3314,'9962','Csörötnek',NULL,NULL,NULL),(3315,'9962','Magyarlak',NULL,NULL,NULL),(3316,'9970','Szentgotthárd',NULL,NULL,NULL),(3317,'9981','Szentgotthárd, Farkasfa',NULL,NULL,NULL),(3318,'9982','Apátistvánfalva',NULL,NULL,NULL),(3319,'9982','Kétvölgy',NULL,NULL,NULL),(3320,'9982','Orfalu',NULL,NULL,NULL),(3321,'9983','Alsószölnök',NULL,NULL,NULL),(3322,'9983','Szakonyfalu',NULL,NULL,NULL),(3323,'9985','Felsőszölnök',NULL,NULL,NULL),(3330,'1068','Budapest','2024-11-21 11:05:39','2024-11-21 11:05:39',NULL),(3329,'5790','Gyulakeszi2','2024-11-21 11:03:24','2024-11-21 11:03:24',NULL);
/*!40000 ALTER TABLE `settlements` ENABLE KEYS */;
UNLOCK TABLES;

--
-- Table structure for table `suppliers`
--

DROP TABLE IF EXISTS `suppliers`;
/*!40101 SET @saved_cs_client     = @@character_set_client */;
/*!50503 SET character_set_client = utf8mb4 */;
CREATE TABLE `suppliers` (
  `id` bigint unsigned NOT NULL AUTO_INCREMENT,
  `name` varchar(255) COLLATE utf8mb4_unicode_ci NOT NULL COMMENT 'beszállító neve',
  `created_at` timestamp NULL DEFAULT NULL,
  `updated_at` timestamp NULL DEFAULT NULL,
  `deleted_at` timestamp NULL DEFAULT NULL,
  PRIMARY KEY (`id`)
) ENGINE=InnoDB AUTO_INCREMENT=3 DEFAULT CHARSET=utf8mb4 COLLATE=utf8mb4_unicode_ci;
/*!40101 SET character_set_client = @saved_cs_client */;

--
-- Dumping data for table `suppliers`
--

LOCK TABLES `suppliers` WRITE;
/*!40000 ALTER TABLE `suppliers` DISABLE KEYS */;
INSERT INTO `suppliers` VALUES (1,'Money.hu','2024-12-17 00:00:00','2024-12-17 00:00:00',NULL),(2,'Egyéb','2024-12-17 00:00:00','2024-12-17 00:00:00',NULL);
/*!40000 ALTER TABLE `suppliers` ENABLE KEYS */;
UNLOCK TABLES;

--
-- Table structure for table `users`
--

DROP TABLE IF EXISTS `users`;
/*!40101 SET @saved_cs_client     = @@character_set_client */;
/*!50503 SET character_set_client = utf8mb4 */;
CREATE TABLE `users` (
  `id` bigint unsigned NOT NULL AUTO_INCREMENT,
  `name` varchar(255) COLLATE utf8mb4_unicode_ci NOT NULL,
  `email` varchar(255) COLLATE utf8mb4_unicode_ci NOT NULL,
  `phone` varchar(255) COLLATE utf8mb4_unicode_ci DEFAULT NULL,
  `email_verified_at` timestamp NULL DEFAULT NULL,
  `password` varchar(255) COLLATE utf8mb4_unicode_ci NOT NULL,
  `remember_token` varchar(100) COLLATE utf8mb4_unicode_ci DEFAULT NULL,
  `created_at` timestamp NULL DEFAULT NULL,
  `updated_at` timestamp NULL DEFAULT NULL,
  PRIMARY KEY (`id`),
  UNIQUE KEY `users_email_unique` (`email`)
) ENGINE=InnoDB AUTO_INCREMENT=5 DEFAULT CHARSET=utf8mb4 COLLATE=utf8mb4_unicode_ci;
/*!40101 SET character_set_client = @saved_cs_client */;

--
-- Dumping data for table `users`
--

LOCK TABLES `users` WRITE;
/*!40000 ALTER TABLE `users` DISABLE KEYS */;
INSERT INTO `users` VALUES (1,'Rendszer Adminisztrátor','admin@tapai.hu','+36203106605',NULL,'$2y$12$hz2IlrN3QqyMaeQ55ALtAOA3isvCgjvJQaVqS4sOxihYHsXV03lii',NULL,'2024-10-06 15:46:18','2024-11-19 13:06:42'),(3,'Ormándi Zoltán','zoltan.ormandi@zsolaka.hu','+36203307980',NULL,'$2y$12$UJF7R21XVmQwlvmxIGBz6.wgIveIpGeTvFjvKaw7srzaCcS.EWa2C',NULL,'2024-11-19 13:03:21','2024-11-19 13:03:21');
/*!40000 ALTER TABLE `users` ENABLE KEYS */;
UNLOCK TABLES;
/*!40103 SET TIME_ZONE=@OLD_TIME_ZONE */;

/*!40101 SET SQL_MODE=@OLD_SQL_MODE */;
/*!40014 SET FOREIGN_KEY_CHECKS=@OLD_FOREIGN_KEY_CHECKS */;
/*!40014 SET UNIQUE_CHECKS=@OLD_UNIQUE_CHECKS */;
/*!40101 SET CHARACTER_SET_CLIENT=@OLD_CHARACTER_SET_CLIENT */;
/*!40101 SET CHARACTER_SET_RESULTS=@OLD_CHARACTER_SET_RESULTS */;
/*!40101 SET COLLATION_CONNECTION=@OLD_COLLATION_CONNECTION */;
/*!40111 SET SQL_NOTES=@OLD_SQL_NOTES */;

-- Dump completed on 2025-01-19 13:48:22
